Application,class,Number_Api_Calls,Class_Size,Issue_Score
AnkiDroid,HttpSyncer,47,9,1.445068741496412
AnkiDroid,AnkiDroidApp,37,37,36.125357377881215
AnkiDroid,StepsPreference,14,7,9.148489947658872
AnkiDroid,MethodLogger,6,3,0.13554587387151137
AnkiDroid,CardTemplateEditor,41,30,5.324526859715042
AnkiDroid,UIUtils,9,8,5.994686610767452
AnkiDroid,DeckPickerExportCompleteDialog,8,7,0.3478024180161471
AnkiDroid,Template,18,12,2.694375381469209
AnkiDroid,JSONNameComparator,7,2,1.4228648724026245
AnkiDroid,MultimediaEditableNote,2,7,0.01680672268907563
AnkiDroid,BasicImageFieldController,38,10,4.173528839506801
AnkiDroid,NotificationService,10,3,0.5850572047271032
AnkiDroid,AnkiDb,23,17,20.30756067418711
AnkiDroid,Consts,1,1,1.1226852843551134
AnkiDroid,DatabaseErrorDialog,45,10,6.692419510994425
AnkiDroid,Sound,32,21,48.070376407895075
AnkiDroid,ActivityTransitionAnimation,2,2,0.08
AnkiDroid,BackupManager,36,12,5.44667513901204
AnkiDroid,HttpUtility,4,2,0.09330182420317906
AnkiDroid,RemoteServer,14,11,3.017900134539083
AnkiDroid,AsyncDialogFragment,1,2,0.04878048780487805
AnkiDroid,Utils,73,53,10.398677159059591
AnkiDroid,BasicControllerFactory,3,4,0.003430531732418525
AnkiDroid,Themes,22,20,2.242880102542479
AnkiDroid,SharedDeckDownload,8,8,0.013157894736842105
AnkiDroid,LanguageUtil,5,2,4.250800466007148
AnkiDroid,AudioView,28,20,7.471693572476371
AnkiDroid,SimpleMessageDialog,7,6,0.35619047619047617
AnkiDroid,HtmlUtil,2,2,0.13038705347154897
AnkiDroid,DeckPickerNoSpaceLeftDialog,6,5,0.022857142857142857
AnkiDroid,FullSyncer,14,3,0.6877135377664563
AnkiDroid,LaTeX,7,7,5.680167602384284
AnkiDroid,Statistics,51,17,19.729004636140758
AnkiDroid,Stats,24,19,1.1462369932441343
AnkiDroid,Preferences,58,24,49.61341061262965
AnkiDroid,CompatV8,3,4,2.794672152257895
AnkiDroid,Storage,16,12,5.962657658659376
AnkiDroid,CramDeckOptions,63,30,4.682332107209636
AnkiDroid,Finder,36,32,12.460162814492596
AnkiDroid,CustomFontsReviewerExt,10,8,4.346323974591854
AnkiDroid,Sched,53,115,29.92950879521756
AnkiDroid,MetaDB,15,26,5.367334685738164
AnkiDroid,Previewer,9,7,3.0591466385685044
AnkiDroid,ConfirmationDialog,9,4,0.572034632034632
AnkiDroid,DeckPickerContextMenu,6,4,4.984647530405097
AnkiDroid,CompatV7,16,11,5.11315419110312
AnkiDroid,Threads,12,8,0.00686106346483705
AnkiDroid,ExportDialog,12,5,3.3969047619047625
AnkiDroid,Info,163,27,31.586727189016464
AnkiDroid,AudioField,6,5,0.09791785654310439
AnkiDroid,CollectionLoader,10,8,1.91720047080492
AnkiDroid,Lookup,15,8,0.3140653434167867
AnkiDroid,CustomDialogPreference,8,2,0.13378821497352172
AnkiDroid,FieldControllerBase,1,1,0.23529411764705882
AnkiDroid,WidgetStatus,12,8,5.505048090610323
AnkiDroid,StyledDialog,56,29,5.563468107132152
AnkiDroid,StyledProgressDialog,12,5,1.1400284806660412
AnkiDroid,BasicTextFieldController,42,17,1.0550421176403764
AnkiDroid,DialogHandler,6,3,5.548157335797786
AnkiDroid,NoteEditor,139,76,34.68469988677997
AnkiDroid,GoogleTranslaterFilter,5,4,0.023990225334241874
AnkiDroid,EditFieldActivity,20,17,1.4453956386609088
AnkiDroid,NavigationDrawerActivity,25,15,44.98448604647069
AnkiDroid,Download,7,7,0.08
AnkiDroid,AnkiActivity,21,38,28.395795524405763
AnkiDroid,Upgrade,3,2,0.003430531732418525
AnkiDroid,AbstractFlashcardViewer,174,105,192.53940771754296
AnkiDroid,DiffEngine,30,26,5.06663374370811
AnkiDroid,SdCardReceiver,5,2,0.287719844343762
AnkiDroid,Note,25,22,5.083888761536919
AnkiDroid,DeckPicker,147,88,236.81506684435388
AnkiDroid,DeckPickerBackupNoSpaceLeftDialog,8,5,1.0750690281808568
AnkiDroid,FieldEditText,5,5,0.37761882654288687
AnkiDroid,Leech,7,4,0.006650912101589529
AnkiDroid,FilterFacade,5,2,0.015993483556161252
AnkiDroid,Tags,25,18,2.247611955297219
AnkiDroid,Models,39,54,15.78701365423004
AnkiDroid,ReadText,28,12,24.57943004549089
AnkiDroid,ChessFilter,9,6,0.017868034248841157
AnkiDroid,Syncer,26,30,25.946564146593115
AnkiDroid,DeckTask,41,44,57.69895130111729
AnkiDroid,RemoteMediaServer,15,7,2.7231831437029292
AnkiDroid,CustomStudyDialog,32,7,4.832834138121272
AnkiDroid,Card,29,25,18.08048820636558
AnkiDroid,Base64,40,26,0.35185663823554647
AnkiDroid,MediaCheckDialog,21,8,1.3335782916270722
AnkiDroid,BitmapUtil,10,3,0.013301824203179057
AnkiDroid,SearchImageActivity,42,28,1.9838935574229688
AnkiDroid,LanguagesListerGlosbe,3,2,0.5
AnkiDroid,AnkiDatabaseManager,5,6,0.023990225334241874
AnkiDroid,LoadPronounciationActivity,27,22,0.5
AnkiDroid,Connection,46,29,29.207246327710845
AnkiDroid,ChartView,5,3,0.21125708413085556
AnkiDroid,NoteService,10,7,2.5620708661023697
AnkiDroid,HtmlColors,11,4,0.015711367459745253
AnkiDroid,InfoStatsBuilder,6,5,0.9190010002750317
AnkiDroid,VideoPlayer,8,7,0.7012290333409132
AnkiDroid,Hook,3,3,0.02137293273473773
AnkiDroid,StyledOpenCollectionDialog,10,5,0.10791550476572326
AnkiDroid,NoteFactory,1,2,0.0045662100456621
AnkiDroid,Hooks,10,5,0.27605599275279935
AnkiDroid,Reviewer,25,17,112.81514098771186
AnkiDroid,AnkiPackageExporter,10,7,0.6666666666666666
AnkiDroid,DeckPickerConfirmDeleteDeckDialog,7,4,0.2956959878609364
AnkiDroid,TranslationActivity,33,23,1.6739130434782608
AnkiDroid,AnkiDroidWidgetSmall,18,8,2.5640896854737942
AnkiDroid,ImageField,6,5,0.09791785654310439
AnkiDroid,NumberRangePreference,11,10,5.605168230139522
AnkiDroid,DiskUtil,3,2,0.10723394252806018
AnkiDroid,CompatV16,2,3,1.1770358868184954
AnkiDroid,Media,43,37,25.889800995418955
AnkiDroid,CompatV15,3,3,0.48456621004566214
AnkiDroid,CompatV12,1,2,1.8114219114219114
AnkiDroid,AnkiStatsTaskHandler,35,9,4.747263488681028
AnkiDroid,TagsDialog,70,16,16.228390493817898
AnkiDroid,CardStats,9,2,0.0182648401826484
AnkiDroid,Decks,27,43,6.407279360558954
AnkiDroid,FuriganaFilters,16,6,6.737691271919861
AnkiDroid,Collection,37,61,28.964731073987828
AnkiDroid,CustomExceptionHandler,29,8,1.3758059364575894
AnkiDroid,StudyOptionsFragment,78,46,109.76233759056112
AnkiDroid,AnkiFont,17,8,4.195769489366343
AnkiDroid,Whiteboard,16,10,0.1542649257525217
AnkiDroid,ReviewerExtRegistry,1,3,0.003430531732418525
AnkiDroid,BasicAudioFieldController,6,3,0.028283097611418763
AnkiDroid,AnkiDroidWidgetMedium,25,14,1.0582900601749199
AnkiDroid,AbstractCardFilter,3,2,0.007996741778080626
AnkiDroid,HttpFetcher,12,4,1.840823970037453
AnkiDroid,Anki2Importer,33,20,10.874097884757067
AnkiDroid,ImportDialog,21,7,1.4324704508974169
AnkiDroid,StudyOptionsActivity,19,17,14.383312507431699
AnkiDroid,ChartBuilder,12,15,10.024721066294353
AnkiDroid,SyncErrorDialog,26,10,6.07482209936572
AnkiDroid,HebrewFixFilter,5,7,5.120744537804495
AnkiDroid,IntentHandler,22,8,25.234423543004873
AnkiDroid,DeckOptions,70,40,16.0774994769937
AnkiDroid,HintFilter,5,3,0.816080064456836
AnkiDroid,LanguageListerBeolingus,1,1,0.5
AnkiDroid,MediaSyncer,17,3,3.0009355226761176
AnkiDroid,CardBrowser,131,54,104.04797114100572
AnkiDroid,MyAccount,48,19,12.24294405816741
AnkiDroid,CompatV9,3,4,1.1777895060913923
Conversations,Jid,7,13,6.917536124117568
Conversations,CryptoHelper,19,14,8.002589797548547
Conversations,AxolotlService,72,56,1.2830882352941175
Conversations,MessageArchiveService,16,25,2.1103136629452424
Conversations,JingleInbandTransport,15,10,5.641161206700263
Conversations,Roster,5,8,0.9172674424341429
Conversations,AbstractEntity,2,2,0.033742278221480376
Conversations,XmppActivity,112,60,14.545785544861383
Conversations,Account,18,31,2.732125157789592
Conversations,EditAccountActivity,72,30,24.917412040370994
Conversations,SQLiteAxolotlStore,10,29,0.046955624355005166
Conversations,Conversation,20,56,9.232567420352034
Conversations,JingleConnection,49,57,13.10755712032519
Conversations,ListItemAdapter,23,8,3.4084991522001373
Conversations,FileBackend,44,27,12.141894912470779
Conversations,ExceptionHandler,11,2,0.009645892679311702
Conversations,Tag,7,10,1.1872416380910846
Conversations,ExceptionHelper,25,4,0.10657242240238944
Conversations,KnownHostsAdapter,10,3,3.8218429133366962
Conversations,PhoneHelper,19,5,1.2748354829988033
Conversations,EnablePacket,1,1,0.342979226012645
Conversations,ManageAccountActivity,26,28,15.06710510701538
Conversations,PgpEngine,41,10,3.7493088525243143
Conversations,AbstractGenerator,15,7,2.474161212554481
Conversations,ConferenceDetailsActivity,65,35,15.006154877362116
Conversations,XmppConnection,103,67,47.080572668238645
Conversations,DigestMd5,10,3,1.1212833572765661
Conversations,JingleTransport,1,1,2.0865689696023884
Conversations,ContactDetailsActivity,55,18,7.946436718859571
Conversations,ShareWithActivity,22,15,9.774315783925587
Conversations,Xmlns,1,1,0.1661129568106312
Conversations,ResumePacket,2,1,0.3318384060482957
Conversations,Contact,16,33,12.522829818234998
Conversations,AbstractConnectionManager,20,5,0.1
Conversations,JingleSocks5Transport,41,8,1.668207828412214
Conversations,MessageAdapter,57,24,21.814911391514926
Conversations,Tokenizer,10,5,1.021505376344086
Conversations,MessagePacket,3,8,2.590662745423379
Conversations,RequestPacket,1,1,0.009645892679311702
Conversations,TimePreference,11,10,0.857142857142857
Conversations,PresenceParser,4,4,2.919505499553135
Conversations,Message,19,31,15.798793339269286
Conversations,AckPacket,2,1,0.3318384060482957
Conversations,ConversationFragment,95,64,49.89869866469836
Conversations,EditMessage,7,4,0.14835164835164832
Conversations,AbstractParser,9,5,1.7531533820852394
Conversations,IqGenerator,11,26,2.166125840921116
Conversations,Config,3,1,3.1630926015133176
Conversations,SaslMechanism,4,4,0.10768436929427641
Conversations,ChooseContactActivity,30,9,2.329439280284998
Conversations,ScramSha1,19,9,3.9254901960784325
Conversations,HttpConnectionManager,10,6,0.045454545454545456
Conversations,Data,4,9,0.07228915662650602
Conversations,XmppAxolotlSession,15,11,0.07636738906088751
Conversations,Plain,4,2,0.07827260458839405
Conversations,MessageGenerator,6,16,6.253218045740694
Conversations,AvatarService,16,5,5.739669872953714
Conversations,JingleConnectionManager,13,9,2.5300685271331838
Conversations,Content,2,8,0.351130191406919
Conversations,MucOptions,15,34,16.4921604545291
Conversations,PRNGFixes,36,14,0.009645892679311702
Conversations,IqParser,21,14,8.17555537525922
Conversations,GeoHelper,12,4,4.0
Conversations,Presences,7,9,2.422266723443234
Conversations,HttpUploadConnection,24,12,0.7666666666666666
Conversations,Bookmark,5,16,2.804393648801162
Conversations,JingleCandidate,7,7,0.5152130087396136
Conversations,DNSHelper,24,8,4.5046871646659135
Conversations,Field,4,6,0.1
Conversations,NotificationService,33,36,27.897508855094006
Conversations,ConversationAdapter,15,7,3.4322359325908196
Conversations,SettingsFragment,11,5,1.043010752688172
Conversations,AccountAdapter,10,4,3.6027319724311275
Conversations,XmlReader,13,6,0.4055884225493218
Conversations,PublishProfilePictureActivity,26,14,1.1662714390816644
Conversations,MessageParser,10,10,40.04743154462564
Conversations,ConversationActivity,87,78,34.107470639922546
Conversations,EventReceiver,4,2,0.7318788337044579
Conversations,StartConversationActivity,87,44,20.456522136892765
Conversations,Element,10,12,2.4934139402282636
Conversations,TrustKeysActivity,32,24,0.23529411764705882
Conversations,DatabaseBackend,30,60,8.254703524399632
Conversations,Avatar,9,9,0.4693114211996189
Conversations,MimeUtils,14,9,2.0
Conversations,FileUtils,16,6,0.25
Conversations,SettingsActivity,42,12,5.511879761661826
Conversations,HttpDownloadConnection,39,17,0.6666666666666666
Conversations,JinglePacket,2,11,0.07719646765860665
Conversations,XmppUri,6,4,1.141604010025063
Conversations,XmppConnectionService,196,164,70.66997377813178
Conversations,TagWriter,11,9,0.04801753298139775
Conversations,IqPacket,2,7,2.7638071140844787
Conversations,UIHelper,23,15,52.404797519235416
AntennaPod,AlarmUpdateReceiver,2,2,0.6841122760189424
AntennaPod,DirectoryChooserActivity,50,19,3.5563090974855665
AntennaPod,DownloadLogFragment,20,16,8.68758363939658
AntennaPod,ItunesSearchFragment,30,8,9.44831894687324
AntennaPod,TagListFragment,21,13,2.753169866132742
AntennaPod,VariableSpeedDialog,11,2,0.4671460696369881
AntennaPod,GpodnetEpisodeAction,15,13,2.2599871531167115
AntennaPod,ItemDescriptionFragment,43,26,5.104035299610252
AntennaPod,UserPreferences,24,51,37.402647811952676
AntennaPod,EventDistributor,11,11,0.5843670333016674
AntennaPod,PlaybackServiceTaskManager,27,25,3.870164567965894
AntennaPod,FeedPreferences,4,4,1.1750089908329966
AntennaPod,CoverFragment,9,9,0.12460941147737639
AntennaPod,DownloadsFragment,7,5,0.5754180528042493
AntennaPod,AudioplayerActivity,63,41,9.077887756512869
AntennaPod,OpmlImportBaseActivity,8,4,0.5
AntennaPod,ID3Reader,9,8,0.037037037037037035
AntennaPod,AllEpisodesListAdapter,19,7,3.518287250416949
AntennaPod,QueueFragment,58,40,31.793271514261182
AntennaPod,FeedItem,5,12,13.012161479011269
AntennaPod,Feed,5,9,2.617402673003369
AntennaPod,TimeDialog,24,8,3.41934625358264
AntennaPod,OpmlWriter,9,2,4.704402515723268
AntennaPod,ClientConfigurator,1,2,0.024769005784902733
AntennaPod,FeedMenuHandler,8,3,5.678353905625812
AntennaPod,MenuItemUtils,4,1,5.230244756895676
AntennaPod,FrameHeader,3,2,0.009259259259259259
AntennaPod,PreferenceController,136,19,14.621640801795046
AntennaPod,ExternalMedia,16,9,0.7929844738355378
AntennaPod,ChapterListAdapter,24,7,5.5
AntennaPod,ItunesAdapter,12,2,0.03869250716527911
AntennaPod,TypeGetter,9,6,3.09870589180934
AntennaPod,AddFeedFragment,18,3,1.3166725413117908
AntennaPod,GpodnetPreferences,14,30,2.6318330090777398
AntennaPod,UpdateManager,13,4,0.025672937473643073
AntennaPod,PreferenceActivity,9,7,18.850138183401945
AntennaPod,FlattrStatusFetcher,12,2,0.012836468736821535
AntennaPod,FeedRemover,10,8,8.39309815499891
AntennaPod,PodcastApp,6,3,10.924203487334871
AntennaPod,NSAtom,9,3,1.2627131498755435
AntennaPod,DownloadService,133,29,44.42125044183044
AntennaPod,ChapterReader,10,6,0.018518518518518517
AntennaPod,RunningDownloadsFragment,10,7,1.0647548306465102
AntennaPod,HttpDownloader,20,6,17.798754813575492
AntennaPod,PlaybackPreferences,6,9,0.9252422907488989
AntennaPod,SearchListFragment,7,7,0.569638831675154
AntennaPod,GpodnetService,23,23,15.737292463901149
AntennaPod,QueueAccess,3,2,0.014668458249655066
AntennaPod,PlaybackCompletionDateComparator,3,2,0.02702702702702703
AntennaPod,PlayerWidgetService,14,10,5.8260955626529425
AntennaPod,FlattrClickWorker,26,10,1.9948866850234235
AntennaPod,DefaultActionButtonCallback,15,5,9.004245198248869
AntennaPod,APCleanupAlgorithm,14,5,6.697820848610433
AntennaPod,OpmlExportWorker,14,6,3.477717737322583
AntennaPod,DownloadRequester,17,18,21.007284602058967
AntennaPod,ConfirmationDialog,10,6,1.1311826381471146
AntennaPod,Timeline,17,5,3.3415068274799427
AntennaPod,DBReader,7,2,13.712242208301435
AntennaPod,DownloadStatusComparator,3,2,0.02702702702702703
AntennaPod,AntennapodHttpClient,6,1,3.0214936121423563
AntennaPod,DownloadStatus,3,3,0.45930468242614253
AntennaPod,DownloadLogAdapter,21,6,9.407999454975506
AntennaPod,DBWriter,168,39,10.830548811739394
AntennaPod,FeedItemlistAdapter,17,5,3.678742806921162
AntennaPod,FileNameGenerator,4,2,2.0
AntennaPod,OpmlFeedChooserActivity,17,7,0.07142857142857142
AntennaPod,PlaybackController,41,25,3.969142463900859
AntennaPod,FeedFile,2,3,0.03773584905660377
AntennaPod,FeedItemFilter,2,2,0.1373522940402096
AntennaPod,SPAReceiver,5,2,0.43570264613102233
AntennaPod,GpodnetSyncService,25,19,11.57614936534233
AntennaPod,NSITunes,9,3,2.0
AntennaPod,Downloader,7,2,2.1132075471698126
AntennaPod,DownloadRequest,8,6,3.7713354547624616
AntennaPod,NSRSS20,9,3,11.119886782615835
AntennaPod,VideoplayerActivity,30,29,5.6
AntennaPod,FeedHandler,9,2,0.3333333333333333
AntennaPod,CompletedDownloadsFragment,10,21,0.26438350706323965
AntennaPod,ExternalPlayerFragment,11,14,4.420791161222076
AntennaPod,PodcastListAdapter,8,2,1.8928452389733568
AntennaPod,NSSimpleChapters,5,2,0.0670727655559139
AntennaPod,NavListAdapter,22,10,8.964138695989895
AntennaPod,FeedInfoActivity,41,14,9.056865662769635
AntennaPod,MainActivity,65,44,35.286499043289844
AntennaPod,PowerConnectionReceiver,4,2,3.20388446431284
AntennaPod,QueueListAdapter,21,8,6.68674689449588
AntennaPod,FeedImage,2,3,0.3480559876099971
AntennaPod,EpisodesApplyActionFragment,45,28,1.345726267886472
AntennaPod,DownloadedEpisodesListAdapter,15,5,0.12460941147737639
AntennaPod,FlattrAuthActivity,16,7,0.07142857142857142
AntennaPod,ItemlistFragment,53,37,10.96727273702675
AntennaPod,OpmlImportFromPathActivity,16,9,12.999369746492267
AntennaPod,ItemFragment,71,24,17.228010259525597
AntennaPod,ConnectivityActionReceiver,5,2,0.42717636373424206
AntennaPod,QueueEvent,2,5,3.591067533577231
AntennaPod,FeedUpdateReceiver,1,2,2.206898111510477
AntennaPod,DownloadObserver,25,11,1.4255265295498296
AntennaPod,SearchlistAdapter,9,4,0.24921882295475278
AntennaPod,DBTasks,43,27,16.319534302851682
AntennaPod,ActionButtonUtils,4,2,2.522840644768143
AntennaPod,OpmlReader,8,2,1.0754716981132075
AntennaPod,SearchFragment,21,22,0.7901152196094422
AntennaPod,GpodnetMainFragment,5,4,0.8097495123265269
AntennaPod,NewEpisodesFragment,6,9,10.2436266861256
AntennaPod,OpmlImportWorker,14,6,1.0
AntennaPod,OpmlBackupAgent,26,5,0.012836468736821535
AntennaPod,UndoBarController,11,6,1.9999999999999998
AntennaPod,NetworkUtils,10,5,5.054298371694247
AntennaPod,DateUtils,11,3,6.391840892234663
AntennaPod,PodcastListFragment,33,12,5.098110019882601
AntennaPod,FeedMedia,17,25,17.493961175059987
AntennaPod,SyndHandler,6,8,2.5149163266737045
AntennaPod,FeedComponent,1,2,2.037735849056604
AntennaPod,PodDBAdapter,31,23,26.877340170243254
AntennaPod,TagFragment,3,5,1.0759281351882886
AntennaPod,APDownloadAlgorithm,12,3,2.8842948720187698
AntennaPod,QueueSorter,19,4,0.012836468736821535
AntennaPod,OnlineFeedViewActivity,58,19,6.057451396672307
AntennaPod,FlattrStatus,2,4,0.045454545454545456
AntennaPod,GpodnetAuthenticationActivity,63,12,4.00742086982214
AntennaPod,ApOkHttpUrlLoader,11,6,2.2766720778968024
AntennaPod,DefaultOnlineFeedViewActivity,29,14,1.9603120576083983
AntennaPod,LongList,6,7,0.0250914137115319
AntennaPod,NSDublinCore,3,3,0.029336916499310136
AntennaPod,MediaplayerActivity,62,34,12.574734552364722
AntennaPod,OpmlImportFromIntentActivity,7,2,2.068895793698333
AntennaPod,AllEpisodesFragment,52,34,5.3698879870265035
AntennaPod,PlaybackHistoryFragment,33,27,4.60166400182824
AntennaPod,LangUtils,4,2,0.02702702702702703
AntennaPod,FeedItemPubdateComparator,3,2,0.02702702702702703
AntennaPod,PlaybackService,65,42,54.735673704361965
AntennaPod,OpmlFeedQueuer,7,5,0.8984323192890713
AntennaPod,AboutActivity,6,4,12.45070840026834
AntennaPod,AudioPlayer,1,2,0.11572392319667875
AntennaPod,FeedMediaSizeService,1,1,6.459150326797389
AntennaPod,PlaybackServiceMediaPlayer,101,43,19.332449360793596
AntennaPod,FlattrUtils,14,2,4.788928056909597
OsmAnd Contour lines,SRTMPluginActivity,10,3,0.03125
BetterBatteryStats,BatteryGraphSeries,3,4,0.16666666666666666
BetterBatteryStats,ScreenEventHandler,9,2,1.2865800865800865
BetterBatteryStats,StatsProvider,37,61,78.89094699846596
BetterBatteryStats,ReceiversFragmentActivity,11,6,0.1466039707419018
BetterBatteryStats,CreditsAdapter,6,3,0.17845386489003512
BetterBatteryStats,GraphableButton,8,4,1.0377358490566038
BetterBatteryStats,SystemAppActivity,30,9,3.3544583768721696
BetterBatteryStats,PermissionsAdapter,10,6,3.545454545454546
BetterBatteryStats,ReferenceDBHelper,23,15,1.0
BetterBatteryStats,FirstLaunch,13,4,1.5495911495911494
BetterBatteryStats,Reading,28,7,5.418207941483805
BetterBatteryStats,BbsDashClockExtension,10,2,1.0
BetterBatteryStats,GoogleAnalytics,9,4,0.1111111111111111
BetterBatteryStats,StatsAdapter,41,7,21.589355782257506
BetterBatteryStats,DashClockSettingsActivity,3,4,1.125
BetterBatteryStats,WriteScreenOnReferenceService,6,3,0.23376623376623376
BetterBatteryStats,HistAdapter,6,5,1.0
BetterBatteryStats,BbsWidgetProvider,14,7,0.5
BetterBatteryStats,LargeWidgetProvider,9,3,2.3384128634128634
BetterBatteryStats,ServicesAdapter,7,6,1.0227272727272727
BetterBatteryStats,StatsActivity,67,20,63.46424281371052
BetterBatteryStats,Wakelock,5,3,2.0
BetterBatteryStats,ReferenceStore,12,15,2.495633641378323
BetterBatteryStats,BatteryGraphActivity,34,16,1.7847222222222223
BetterBatteryStats,PermissionsFragmentActivity,12,10,3.4519517750258766
BetterBatteryStats,WidgetBars,12,4,2.1678571428571427
BetterBatteryStats,KbDbHelper,13,11,1.0
BetterBatteryStats,HistActivity,7,10,0.5274263005004017
BetterBatteryStats,SmallWidgetProvider,9,3,1.654267729267729
BetterBatteryStats,WriteScreenOffReferenceService,10,3,0.6580086580086579
BetterBatteryStats,WriteDumpfileService,6,3,2.513227513227513
BetterBatteryStats,UpdateLargeWidgetService,18,2,7.794136246636248
BetterBatteryStats,PreferencesActivity,28,5,2.27388474447298
BetterBatteryStats,UpdateMediumWidgetService,16,2,3.796163273663276
BetterBatteryStats,WriteCurrentReferenceService,5,3,0.14285714285714285
BetterBatteryStats,AboutActivity,15,4,0.22941176470588237
BetterBatteryStats,WriteCustomReferenceService,5,3,0.23376623376623376
BetterBatteryStats,WidgetBattery,8,4,1.2
BetterBatteryStats,WriteBootReferenceService,7,3,0.14285714285714285
BetterBatteryStats,WriteUnpluggedReferenceService,7,3,0.4155844155844156
BetterBatteryStats,MediumWidgetProvider,9,3,0.9719111969111967
BetterBatteryStats,Reference,8,6,1.025
BetterBatteryStats,BatteryGraph2Activity,4,6,1.6666666666666665
BetterBatteryStats,PackageFragmentActivity,21,6,1.479937304075235
BetterBatteryStats,GraphableBars,4,4,1.5555555555555558
BetterBatteryStats,RawStatsActivity,18,10,1.9517987759367061
BetterBatteryStats,ReferencesAdapter,6,9,1.0555555555555556
BetterBatteryStats,KbReader,8,3,1.8833333333333333
BetterBatteryStats,UpdateSmallWidgetService,14,2,5.841421911421911
BetterBatteryStats,ServicesFragmentActivity,11,6,0.1466039707419018
BetterBatteryStats,WatchdogProcessingService,15,2,5.5446846129604745
BetterBatteryStats,SeekBarPreference,19,12,0.6000000000000001
BetterBatteryStats,PackageInfoTabsPager,19,9,0.1466039707419018
OpenKeychain,PassphraseCacheService,38,19,11.901036882971713
OpenKeychain,InstallDialogFragmentHelper,26,4,0.11764705882352941
OpenKeychain,HkpKeyserver,27,10,9.524002046915772
OpenKeychain,ViewKeyAdvUserIdsFragment,18,11,0.00980392156862745
OpenKeychain,OrbotHelper,38,22,0.7090479937057437
OpenKeychain,UncachedPublicKey,16,27,1.399464739112942
OpenKeychain,HelpAboutFragment,14,3,0.3412633187961437
OpenKeychain,KeyRing,7,5,0.1813380281690141
OpenKeychain,ViewKeyFragment,52,25,6.168772115909135
OpenKeychain,KeyAdapter,26,10,1.057214453371786
OpenKeychain,Choice,1,1,0.00796812749003984
OpenKeychain,CachingCryptoOperationFragment,1,4,0.093608692230032
OpenKeychain,KeyValueSpinnerAdapter,13,5,1.0173139218825633
OpenKeychain,Keyserver,6,2,0.27191029646366294
OpenKeychain,SubkeysAdapter,25,13,0.22389651902056795
OpenKeychain,OperationResult,34,24,5.986774819469652
OpenKeychain,TlsHelper,21,5,0.034680160994099485
OpenKeychain,DecryptFragment,28,21,4.125597492652755
OpenKeychain,ImportKeysListLoader,9,8,3.185692082409891
OpenKeychain,CanonicalizedPublicKey,6,13,0.5
OpenKeychain,PgpGeneralException,1,1,0.08139280063464513
OpenKeychain,AccountSettings,1,1,0.15080403087478558
OpenKeychain,PgpSignEncryptResult,3,5,0.025991751243935116
OpenKeychain,SignEncryptResult,3,5,0.01679634894508454
OpenKeychain,ImportKeysCloudFragment,21,10,0.2857142857142857
OpenKeychain,HelpMarkdownFragment,7,3,0.013803680981595092
OpenKeychain,SignEncryptOperation,10,2,4.118868630203503
OpenKeychain,ImportKeysActivity,15,19,13.441820373442717
OpenKeychain,SetPassphraseDialogFragment,34,12,2.0469120092597826
OpenKeychain,SubkeysAddedAdapter,18,3,0.1590311986863711
OpenKeychain,ProgressScaler,1,3,0.11755345948796064
OpenKeychain,PgpSignEncryptOperation,22,4,3.3017759424699946
OpenKeychain,RemoteService,15,10,2.0325344552770037
OpenKeychain,DisplayTextActivity,6,5,0.17557823848811782
OpenKeychain,TorServiceUtils,14,4,0.25806451612903225
OpenKeychain,SettingsKeyserverFragment,39,29,1.329032258064516
OpenKeychain,SelectKeyCursorAdapter,16,8,1.37926766639317
OpenKeychain,KeyserverSyncAdapterService,42,27,2.2436974789915967
OpenKeychain,KeychainApplication,19,7,5.934320259103279
OpenKeychain,PRNGFixes,36,14,0.039840637450199196
OpenKeychain,ContactHelper,32,38,20.616293671929245
OpenKeychain,SelectSignKeyIdActivity,12,8,2.1653290529695015
OpenKeychain,ContactSyncAdapterService,5,4,0.9493151688273636
OpenKeychain,EditKeyFragment,70,33,4.714771530578007
OpenKeychain,AddSubkeyDialogFragment,53,20,0.8672279433435613
OpenKeychain,AddEditKeyserverDialogFragment,54,24,0.1154715430449969
OpenKeychain,DecryptListFragment,98,42,5.2096969010245395
OpenKeychain,SupportInstallDialogFragment,2,3,0.12903225806451613
OpenKeychain,DeleteOperation,3,3,0.03359269789016908
OpenKeychain,RevokeOperation,5,3,0.024390243902439025
OpenKeychain,CloudSearch,10,3,2.0725236170077457
OpenKeychain,Primes,3,2,0.00796812749003984
OpenKeychain,AppSettings,1,1,0.1397989878625528
OpenKeychain,EditKeyOperation,3,2,0.1331525977081312
OpenKeychain,ProgressDialogFragment,16,8,4.460638761177525
OpenKeychain,Preferences,15,47,2.343116579883959
OpenKeychain,ServiceProgressHandler,11,10,0.397620811511223
OpenKeychain,DummyAccountService,16,11,0.004601226993865031
OpenKeychain,ViewKeyActivity,80,40,16.844433283085582
OpenKeychain,AccountSettingsActivity,11,11,0.4105692633535888
OpenKeychain,DecryptActivity,16,6,5.53870006256725
OpenKeychain,OpenPgpService,26,17,12.701058913740379
OpenKeychain,PgpEditKeyResult,3,5,0.02139405009450983
OpenKeychain,CertifyResult,11,7,0.04819203659077218
OpenKeychain,FoldableLinearLayout,19,8,0.917328825021133
OpenKeychain,CanonicalizedSecretKey,6,13,2.2297411038704213
OpenKeychain,PagerTabStripAdapter,6,6,0.19198015442605698
OpenKeychain,AppsListFragment,41,15,1.446322907861369
OpenKeychain,AppSettingsHeaderFragment,12,4,0.013803680981595092
OpenKeychain,ImportKeysProxyActivity,13,12,4.5059259192890995
OpenKeychain,KeyFormattingUtils,26,18,2.235646124462109
OpenKeychain,EditSubkeyDialogFragment,13,6,0.08192972671500279
OpenKeychain,KeySpinner,17,18,1.1419331758847664
OpenKeychain,ImportKeysAdapter,25,5,6.26938028789807
OpenKeychain,EditKeyActivity,3,4,19.737272958351284
OpenKeychain,CustomAlertDialogBuilder,1,1,0.004601226993865031
OpenKeychain,ImportKeysFileFragment,12,6,0.7622409054008148
OpenKeychain,EncryptKeyCompletionView,15,12,2.837701587812157
OpenKeychain,ParcelableKeyRing,5,5,0.16856060606060605
OpenKeychain,QrCodeViewActivity,16,5,0.04195804195804196
OpenKeychain,Constants,12,2,4.25796061735252
OpenKeychain,SingletonResult,2,5,0.03278688524590164
OpenKeychain,ViewKeyYubiKeyFragment,16,11,0.18220047795857458
OpenKeychain,TabsAdapter,11,6,0.04165586176006035
OpenKeychain,ViewKeyAdvShareFragment,52,20,2.6637631016483434
OpenKeychain,ImportKeysListFragment,23,23,5.831959821428558
OpenKeychain,SaveKeyringResult,3,5,0.061731503845692655
OpenKeychain,PromoteKeyResult,4,5,0.004597701149425287
OpenKeychain,InputPendingResult,4,2,0.05658120363729552
OpenKeychain,CertifyKeySpinner,5,6,3.816982803855406
OpenKeychain,CreateKeyFinalFragment,29,19,2.598052671474023
OpenKeychain,MainActivity,7,17,3.2819043540450212
OpenKeychain,DialogFragmentWorkaround,8,3,0.047619047619047616
OpenKeychain,ViewCertActivity,17,7,5.646676789527692
OpenKeychain,EncryptTextActivity,8,3,5.635989970096599
OpenKeychain,OrbotRequiredDialogActivity,11,10,0.21085759244689228
OpenKeychain,CryptoInputParcel,13,7,0.13951787467837556
OpenKeychain,ImportKeysListEntry,19,11,11.500816557827829
OpenKeychain,CertifyOperation,5,3,1.8908379799665707
OpenKeychain,DecryptVerifyResult,4,5,0.21315447949936445
OpenKeychain,AppSettingsActivity,23,16,0.21173968054207032
OpenKeychain,FileHelper,25,13,1.2955765356920979
OpenKeychain,ConsolidateDialogActivity,3,7,0.29843841556063544
OpenKeychain,ClipboardReflection,6,2,1.1544768373271035
OpenKeychain,KeychainService,22,8,0.48934903269592417
OpenKeychain,Log,5,4,0.00796812749003984
OpenKeychain,ProviderHelper,44,39,18.68101328449273
OpenKeychain,SignEncryptParcel,6,10,0.009195402298850575
OpenKeychain,IntentIntegratorSupportV4,1,2,0.00796812749003984
OpenKeychain,PgpGeneralMsgIdException,3,2,0.026760488298949836
OpenKeychain,SignKeySpinner,4,4,0.5108603548758158
OpenKeychain,DisplayTextFragment,12,10,0.009202453987730062
OpenKeychain,LogDisplayActivity,2,4,0.004597701149425287
OpenKeychain,ConsolidateResult,2,5,0.0465799886941775
OpenKeychain,EditKeyResult,4,5,0.06797403878868734
OpenKeychain,CanonicalizedPublicKeyRing,4,7,0.00919892814329032
OpenKeychain,NfcHelper,28,10,0.009195402298850575
OpenKeychain,KeybaseVerificationResult,3,5,0.04173032439948876
OpenKeychain,SettingsKeyServerActivity,5,5,1.754333015428582
OpenKeychain,PgpDecryptVerifyOperation,25,13,0.9022988505747126
OpenKeychain,EmailEditText,8,5,2.468886941279581
OpenKeychain,CreateKeyStartFragment,14,6,0.02634893054794573
OpenKeychain,ImportKeysListCloudLoader,4,7,0.27356315851972685
OpenKeychain,WrappedSignature,4,19,0.8900610779161333
OpenKeychain,RemoteServiceActivity,38,4,2.107246497640346
OpenKeychain,GetKeyResult,2,5,0.12899147089630406
OpenKeychain,CanonicalizedSecretKeyRing,7,10,0.00980392156862745
OpenKeychain,EncryptFilesActivity,5,3,1.5500160553161348
OpenKeychain,EncryptTextFragment,20,15,1.3785228250089259
OpenKeychain,PgpDecryptVerifyInputParcel,8,5,0.022988505747126436
OpenKeychain,CertifyFingerprintActivity,7,5,1.3379310344827584
OpenKeychain,FixedListView,2,2,0.00796812749003984
OpenKeychain,DeleteResult,11,7,0.06498838553585673
OpenKeychain,MultiUserIdsAdapter,21,7,2.0
OpenKeychain,DeleteKeyDialogActivity,47,23,0.11764705882352941
OpenKeychain,UploadKeyActivity,10,11,1.4066843799198547
OpenKeychain,CertifyActionsParcel,11,9,0.20557712318102322
OpenKeychain,PgpSignEncryptInputParcel,7,6,0.109375
OpenKeychain,CreateKeyActivity,12,11,0.9842490491972362
OpenKeychain,KeyUpdateHelper,1,1,0.13298805142883105
OpenKeychain,KeyListFragment,72,44,15.668943924076796
OpenKeychain,Notify,10,10,4.982879025736164
OpenKeychain,RetryUploadDialogActivity,9,5,0.11764705882352941
OpenKeychain,EncryptFilesFragment,64,43,3.2613753766831306
OpenKeychain,AddUserIdDialogFragment,30,12,1.7794117647058816
OpenKeychain,EncryptModeAsymmetricFragment,15,12,0.04081632653061224
OpenKeychain,ImportKeysList,5,6,7.0
OpenKeychain,BaseOperation,2,5,0.37936094199518816
OpenKeychain,AdvancedAppSettingsDialogFragment,5,4,0.013803680981595092
OpenKeychain,Highlighter,8,2,0.004601226993865031
OpenKeychain,CreateKeyPassphraseFragment,22,16,5.339833479404031
OpenKeychain,ImportKeyResult,11,7,2.111057855836908
OpenKeychain,CryptoOperationFragment,5,5,0.10352345922998099
OpenKeychain,ViewKeyAdvActivity,17,8,0.1801805496320113
OpenKeychain,PromoteKeyOperation,4,3,0.022999083280445667
OpenKeychain,CertifyKeyFragment,26,12,0.6096470459696488
OpenKeychain,SaveKeyringParcel,27,13,0.9134065582716338
OpenKeychain,EmailKeyHelper,15,3,1.6385871681406117
OpenKeychain,CreateKeyEmailFragment,47,28,6.609512311013788
OpenKeychain,OpenPgpSignatureResultBuilder,3,3,0.15401237966096462
OpenKeychain,KeychainDatabase,17,9,10.924532551137005
OpenKeychain,CanonicalizedKeyRing,6,18,0.03738811223976667
OpenKeychain,QrCodeUtils,8,2,0.00796812749003984
OpenKeychain,ToolableViewAnimator,3,3,0.020833333333333332
OpenKeychain,FormattingUtils,6,4,0.009202453987730062
OpenKeychain,UserIdsAdapter,8,5,0.2678307740276195
OpenKeychain,PgpSecurityConstants,8,5,3.0
OpenKeychain,SelectPublicKeyFragment,27,14,7.404722206928255
OpenKeychain,EncryptActivity,7,6,29.570917538863384
OpenKeychain,BaseNfcActivity,29,41,5.671547961583126
OpenKeychain,SafeSlingerActivity,14,12,0.3967632865974573
OpenKeychain,EditSubkeyExpiryDialogFragment,34,8,1.28060730782579
OpenKeychain,RequiredInputParcel,23,24,0.20166317034655684
OpenKeychain,UncachedKeyRing,32,21,7.411347123136943
OpenKeychain,PasswordStrengthView,10,11,0.404601226993865
OpenKeychain,ImportOperation,25,8,2.9297954322513085
OpenKeychain,BaseActivity,10,10,0.4725575612476705
OpenKeychain,ParcelableProxy,8,7,0.06451612903225806
OpenKeychain,KeychainProvider,25,12,13.564079632585763
OpenKeychain,ThemeChanger,5,3,0.058823529411764705
OpenKeychain,IntegerListPreference,4,5,0.009345794392523364
OpenKeychain,DeleteFileDialogFragment,27,4,10.155672892232845
OpenKeychain,WrappedUserAttribute,11,9,0.4287402325138174
OpenKeychain,KeybaseKeyserver,7,5,12.574304343722769
OpenKeychain,SettingsActivity,115,50,3.289393417691105
OpenKeychain,UserIdsAddedAdapter,11,3,5.139280125195619
OpenKeychain,CachedPublicKeyRing,9,15,1.7777777777777783
OpenKeychain,AccountSettingsFragment,9,9,3.4365635872674565
OpenKeychain,KeychainContract,62,18,2.4334260289418403
OpenKeychain,PgpKeyOperation,26,26,13.548755356825339
OpenKeychain,OrbotStartDialogFragment,25,6,0.4402277039848197
OpenKeychain,PassphraseDialogActivity,61,20,2.381926413657131
OpenKeychain,HelpActivity,6,4,0.4917014774452221
OpenKeychain,NfcOperationActivity,25,17,0.5864148469570207
OpenKeychain,PgpHelper,12,6,2.9773230481622472
OpenKeychain,KeybaseVerificationOperation,9,3,0.05607773693304906
OpenKeychain,Passphrase,10,12,0.25920245398773006
OpenKeychain,ExportResult,2,5,0.04173032439948876
OpenKeychain,LogDisplayFragment,24,10,1.4108625045110066
ownCloud,OAuth2GetAccessToken,11,5,0.6359145637013058
ownCloud,AdvancedX509TrustManager,14,7,0.0076045627376425855
ownCloud,CopyToClipboardActivity,7,2,0.014492753623188406
ownCloud,DownloadFileOperation,12,13,1.7168779026048075
ownCloud,UploadPathActivity,2,3,0.004672897196261682
ownCloud,ConflictsResolveActivity,5,5,0.33874757090135166
ownCloud,FileMenuFilter,9,2,10.56747824885828
ownCloud,ImageViewCustom,6,5,0.17142857142857143
ownCloud,UploadSourceDialogFragment,11,5,0.009345794392523364
ownCloud,FileDisplayActivity,72,82,10.612488326981694
ownCloud,FileStorageUtils,23,18,3.792484545860071
ownCloud,FileOperationsHelper,9,18,13.043914380502102
ownCloud,FileObserverService,21,11,0.291277616015776
ownCloud,FileDownloadFragment,14,19,1.258544790369469
ownCloud,FileRequestEntity,12,6,0.0076045627376425855
ownCloud,FileSyncAdapter,20,15,7.655229336999291
ownCloud,OAuth2Constants,1,1,0.014492753623188406
ownCloud,OCFile,15,20,8.114926355982238
ownCloud,CustomPopup,14,7,0.014492753623188406
ownCloud,GetSharesForFileOperation,4,3,0.3312770883465101
ownCloud,DbHandler,8,11,3.37063977516945
ownCloud,QuickAction,15,7,0.014492753623188406
ownCloud,CreateFolderDialogFragment,15,4,0.4161047974342422
ownCloud,FileFragment,6,3,0.19392892074026918
ownCloud,SsoWebViewClient,22,10,5.62306184792757
ownCloud,AbstractOwnCloudSyncAdapter,5,2,0.9050129214499355
ownCloud,FileActionsDialogFragment,17,7,1.5999999999999999
ownCloud,OwnCloudSession,1,1,0.014492753623188406
ownCloud,FolderPickerActivity,32,27,1.4750116831869151
ownCloud,FileUploader,48,31,24.62752937870609
ownCloud,Preferences,102,40,19.555069941584527
ownCloud,BootupBroadcastReceiver,6,3,0.200127619391134
ownCloud,FileContentProvider,34,14,11.139710632779487
ownCloud,ChunkFromFileChannelRequestEntity,13,7,0.8076045627376427
ownCloud,DetectAuthenticationMethodOperation,8,6,2.5741224119954236
ownCloud,SyncOperation,1,2,0.24168951650721482
ownCloud,OperationsService,46,22,13.702508813557714
ownCloud,LogHistoryActivity,33,13,3.3130715420404417
ownCloud,LoadingDialog,9,5,0.15056201788249507
ownCloud,Uploader,72,26,19.35486140248644
ownCloud,UpdateOCVersionOperation,6,3,1.3544977158134244
ownCloud,AccountAuthenticatorService,1,3,0.11764705882352941
ownCloud,SamlWebViewDialog,17,17,2.3118904622451026
ownCloud,UploadFileOperation,20,12,3.163428523443762
ownCloud,SslUntrustedCertDialog,26,10,0.14883854801571178
ownCloud,GenericExplanationActivity,13,4,0.1482551355330215
ownCloud,AccountAuthenticator,18,12,0.6666124966952872
ownCloud,FileDetailFragment,17,26,8.284108753742728
ownCloud,FolderObserver,11,7,0.014492753623188406
ownCloud,X509CertificateViewAdapter,11,8,0.014492753623188406
ownCloud,MainApp,14,18,3.2114363871641256
ownCloud,AuthenticatorAsyncTask,6,3,0.9144927536231884
ownCloud,SynchronizeFolderOperation,15,16,17.071755656408918
ownCloud,OwnCloudVersion,7,7,0.02127659574468085
ownCloud,PreviewImageFragment,29,26,16.899432329845418
ownCloud,ThumbnailsCacheManager,36,13,8.986281919358978
ownCloud,MediaControlView,25,18,0.02232326751493098
ownCloud,FileSyncService,2,4,0.43887388116132897
ownCloud,GetSharesOperation,4,3,0.35069039057270507
ownCloud,WebdavEntry,10,4,0.1327029491996654
ownCloud,PreviewVideoActivity,15,10,0.8172761810437438
ownCloud,FileDataStorageManager,39,37,15.964334037451625
ownCloud,MediaService,29,25,0.4045143345978357
ownCloud,BitmapUtils,14,5,0.6601104873217551
ownCloud,ProviderMeta,5,2,1.0333870385473414
ownCloud,AccountUtils,27,17,4.550696484039807
ownCloud,UriUtils,16,9,0.18528138528138527
ownCloud,UploadFilesActivity,30,20,3.3029273382313105
ownCloud,PreviewImageActivity,30,36,2.714426981256471
ownCloud,CredentialsDialogFragment,13,7,0.014018691588785047
ownCloud,ActionItem,1,1,0.014492753623188406
ownCloud,RemoteOperationResult,19,8,6.997738983948645
ownCloud,DiskLruImageCache,13,10,0.08759124087591241
ownCloud,ConfirmationDialogFragment,15,4,0.49462705280267716
ownCloud,ExtendedListFragment,18,20,1.8602500271313869
ownCloud,FileActivity,38,40,8.436562936402016
ownCloud,SslValidatorDialog,28,15,0.1473459037683026
ownCloud,GetServerInfoOperation,5,6,0.5847095586760592
ownCloud,PreviewTextFragment,34,27,0.058823529411764705
ownCloud,SharePasswordDialogFragment,15,4,0.009345794392523364
ownCloud,MoveFileOperation,2,2,0.026327073149815625
ownCloud,ConflictsResolveDialog,16,10,0.5368226238675197
ownCloud,RemoveFileDialogFragment,4,5,0.12395954614980709
ownCloud,InstantUploadBroadcastReceiver,17,12,5.49388072235098
ownCloud,RemoteFile,10,7,0.43418803418803414
ownCloud,CreateShareOperation,7,4,7.2272604209140425
ownCloud,LocalFileListFragment,14,8,4.328322425260347
ownCloud,CheckBoxPreferenceWithLongTitle,3,2,1.0
ownCloud,ShareLinkToDialog,31,9,0.5175952748935152
ownCloud,ExtendedListView,3,3,0.014492753623188406
ownCloud,PreviewImagePagerAdapter,10,14,1.3544547003396625
ownCloud,UnshareLinkOperation,2,4,0.2881613926764428
ownCloud,IndeterminateProgressDialog,14,5,0.06328007540253276
ownCloud,RefreshFolderOperation,20,14,1.4999970667981959
ownCloud,SslCertificateViewAdapter,6,6,0.014492753623188406
ownCloud,OCFileListFragment,22,22,21.513025477252324
ownCloud,FileListListAdapter,25,16,22.295969903865284
ownCloud,PassCodeActivity,48,20,4.337671279095784
ownCloud,NavigationDrawerItem,1,1,0.11440063258431864
ownCloud,CreateFolderOperation,4,6,0.9107794112608578
ownCloud,CertificateCombinedExceptionViewAdapter,3,2,0.014492753623188406
ownCloud,ChangelogDialog,11,5,0.09095594051879852
ownCloud,MediaServiceBinder,7,12,0.147348937922003
ownCloud,RenameFileOperation,5,5,6.407698732629629
ownCloud,ErrorsWhileCopyingHandlerActivity,36,8,0.12206635720756383
ownCloud,DisplayUtils,23,13,10.853900359564692
ownCloud,FileDownloader,39,26,9.095521370394259
ownCloud,SynchronizeFileOperation,9,4,7.516322335354431
ownCloud,NotificationBuilderWithProgressBar,6,7,0.51873903812425
ownCloud,NavigationDrawerListAdapter,10,5,0.03813354419477288
ownCloud,AuthenticatorActivity,61,71,11.870675145614875
ownCloud,FileUtils,5,5,0.2170940170940171
ownCloud,ErrorMessageAdapter,5,3,8.058689195516347
ownCloud,LogListAdapter,13,3,0.047619047619047616
ownCloud,SslErrorViewAdapter,4,2,0.014492753623188406
ownCloud,RenameFileDialogFragment,15,4,0.19170339345065068
ownCloud,AdvancedSslSocketFactory,22,7,0.6818757921419519
ownCloud,LocalFileListAdapter,18,6,3.125939234726235
ownCloud,RemoteOperation,16,4,0.21048196957287862
ownCloud,PreviewMediaFragment,37,41,7.38752429234343
MPDroid,LibraryFragment,10,7,2.5318880815956835
MPDroid,SeparatedListAdapter,9,6,0.20008771929824562
MPDroid,BaseDataBinder,6,6,0.22969119835304905
MPDroid,MPDControl,8,4,0.34062614293029064
MPDroid,WidgetHelperService,5,4,0.03373605334389648
MPDroid,QueueFragment,80,32,1.1818181818181819
MPDroid,ActionFireReceiver,9,4,0.18374588290326935
MPDroid,StoredPlaylistDataBinder,5,4,1.359002184998461
MPDroid,SquareImageView,1,2,0.013333333333333334
MPDroid,MPDConnectionHandler,6,3,0.043685118810566845
MPDroid,SongsFragment,51,23,3.0133242661199224
MPDroid,CachedCover,11,9,4.618146443078358
MPDroid,MPDAsyncHelper,15,20,2.9570853511460142
MPDroid,ConnectionSettings,11,5,4.047299305939437
MPDroid,AbstractWebCover,13,7,1.3032095460540556
MPDroid,AlbumCache,32,21,0.31796369769804295
MPDroid,DiscogsCover,9,4,0.01935483870967742
MPDroid,LibraryTabsUtil,10,9,0.045418894830659536
MPDroid,LibraryTabsSettings,10,12,0.7110979071763389
MPDroid,AbstractViewHolder,1,1,0.013333333333333334
MPDroid,AlbumDataBinder,8,5,4.550902613431395
MPDroid,StreamFetcher,19,10,3.019354838709677
MPDroid,PlaylistEditActivity,31,12,1.0791465472118154
MPDroid,SearchResultDataBinder,5,3,0.1685866166353971
MPDroid,PlaylistsFragment,18,7,3.3836271782192107
MPDroid,ArrayIndexerAdapter,12,7,1.2488034188034187
MPDroid,SimpleLibraryActivity,21,12,2.7738895418761738
MPDroid,CoverAsyncHelper,12,13,14.588490754180265
MPDroid,MusicBrainzCover,14,6,0.1503820923784405
MPDroid,AlbumInfo,5,6,0.5233819678264123
MPDroid,MPDAsyncWorker,16,20,0.20263157894736844
MPDroid,SimpleWidgetProvider,9,8,0.0213903743315508
MPDroid,WarningActivity,7,3,0.013333333333333334
MPDroid,CoverInfo,3,5,0.13238095238095238
MPDroid,SearchActivity,44,22,8.226387384972847
MPDroid,AlbumCoverDownloadListener,8,10,1.951621624222941
MPDroid,DeezerCover,5,2,0.061462896588344626
MPDroid,CoverManager,74,46,4.802758431132167
MPDroid,ArtistsFragment,8,7,4.893444667328231
MPDroid,BrowseFragment,44,22,11.979344077588287
MPDroid,AlbumsFragment,17,15,4.228815326191072
MPDroid,StreamsFragment,50,15,1.425088839054683
MPDroid,SongDataBinder,4,4,0.3466666666666667
MPDroid,StoredPlaylistFragment,11,13,4.865603111017405
MPDroid,LastFMCover,6,2,0.2839088039762089
MPDroid,WifiConnectionSettings,18,6,1.0240285204991086
MPDroid,NowPlayingSmallFragment,17,18,6.260793624022384
MPDroid,FSFragment,26,13,7.38054433864679
MPDroid,RemoteControlReceiver,7,4,0.6976570532894407
MPDroid,MPDroidActivities,5,4,0.8841152263374488
MPDroid,EditActivity,18,6,0.1820953910566991
MPDroid,NowPlayingFragment,65,61,30.337365857552165
MPDroid,OutputsFragment,27,6,0.023470065047125982
MPDroid,MPDroidService,24,50,1.1012096774193543
MPDroid,AlbumsGridFragment,5,5,2.3906698564593283
MPDroid,CachedMPD,10,10,1.3322222222222218
MPDroid,SettingsFragment,26,8,1.3757315897649007
MPDroid,LocalCover,11,4,8.901175030819562
MPDroid,SimpleWidgetProviderWithStop,4,4,0.0213903743315508
MPDroid,PhoneStateReceiver,9,6,0.7807319381175589
MPDroid,StreamHandler,19,17,2.125
MPDroid,GracenoteCover,11,9,1.051257957722958
MPDroid,AboutActivity,19,5,0.05450865390144328
MPDroid,SettingsActivity,3,6,5.710900606275398
MPDroid,ItunesCover,5,2,0.05734767025089606
MPDroid,UpdateTrackInfo,14,7,0.08163265306122447
MPDroid,MainMenuActivity,68,53,14.896703990143855
MPDroid,SpotifyCover,10,4,0.07025089605734768
MPDroid,SettingsHelper,9,7,1.5692710169485915
MPDroid,GenresFragment,4,5,1.1378920131102295
MPDroid,Tools,16,12,0.6987428021061796
MPDroid,MPDApplication,39,37,7.917649548124242
Mozilla Stumbler,PowerSavingScreen,41,17,1.1581022027394265
Mozilla Stumbler,WifiScanner,17,14,20.896481257770986
Mozilla Stumbler,StumblerFilter,5,3,0.23429358231575304
Mozilla Stumbler,SimulatorService,22,9,0.037383177570093455
Mozilla Stumbler,AppGlobals,6,6,3.609138091070832
Mozilla Stumbler,DataStorageManager,18,24,13.68633414646542
Mozilla Stumbler,DynamicProxy,20,4,1.0141155141155138
Mozilla Stumbler,AsyncProgressListenerStatusWrapper,1,1,0.38816914080071974
Mozilla Stumbler,QueuedCountsTracker,2,4,0.19316426266118053
Mozilla Stumbler,ShaUtil,7,3,0.23849968115907588
Mozilla Stumbler,MockSimpleCellScanner,3,3,0.0847405208140038
Mozilla Stumbler,ServiceConfig,8,2,0.32502033071293035
Mozilla Stumbler,NetworkInfo,5,6,0.7976110407555692
Mozilla Stumbler,MockAcraLog,1,1,0.02432527164388363
Mozilla Stumbler,UserPositionUpdateManager,6,4,0.5
Mozilla Stumbler,LowResMapOverlay,1,1,2.2617503973555815
Mozilla Stumbler,AsyncUploader,8,5,19.93459051577645
Mozilla Stumbler,Prefs,16,44,35.458983202185124
Mozilla Stumbler,DeveloperActivity,54,23,10.761142557416587
Mozilla Stumbler,ObservationPointSerializer,17,12,6.013314682324858
Mozilla Stumbler,PersistedStats,14,7,3.0090845749711934
Mozilla Stumbler,TelemetryWrapper,11,3,0.004206098843322818
Mozilla Stumbler,ObservationPoint,9,10,13.690756330423394
Mozilla Stumbler,AsyncUploadParam,1,1,0.9930542044591995
Mozilla Stumbler,HttpUtil,25,12,7.666787381969641
Mozilla Stumbler,BSSIDBlockList,9,5,0.5524754004975709
Mozilla Stumbler,PackageUtils,6,2,0.3914942108140098
Mozilla Stumbler,DebugLogger,8,5,0.37952603471295054
Mozilla Stumbler,UploadAlarmReceiver,12,8,9.261369811202353
Mozilla Stumbler,PersistentIntentService,8,5,0.012080114591354314
Mozilla Stumbler,ClientPrefs,5,29,23.826090231411698
Mozilla Stumbler,HTTPResponse,8,4,3.14714484133842
Mozilla Stumbler,LocationAdapter,7,7,0.18497376782007838
Mozilla Stumbler,PassiveServiceReceiver,7,4,1.719970291492731
Mozilla Stumbler,MainApp,42,24,51.58212045458513
Mozilla Stumbler,MotionSensor,39,11,37.35059828689542
Mozilla Stumbler,SSIDBlockList,3,2,13.579439492968902
Mozilla Stumbler,MetricsView,59,24,50.99477306498684
Mozilla Stumbler,ProductionLogger,6,4,0.02666666666666667
Mozilla Stumbler,Reporter,19,14,18.14967394512619
Mozilla Stumbler,ObservedLocationsReceiver,23,11,29.241263631602678
Mozilla Stumbler,ReportBatchBuilder,2,5,0.8341014528462832
Mozilla Stumbler,AboutActivity,5,3,15.131603204374589
Mozilla Stumbler,LeaderboardActivity,8,6,8.564922766578736
Mozilla Stumbler,CellScanner,23,11,31.403751146483238
Mozilla Stumbler,HighLowBandwidthReceiver,6,4,0.20708885817791406
Mozilla Stumbler,CoverageOverlay,1,1,0.8806506181794088
Mozilla Stumbler,DateTimeUtils,12,7,4.094259912166759
Mozilla Stumbler,Updater,42,21,12.353602996971784
Mozilla Stumbler,Zipper,11,6,0.10452369961865307
Mozilla Stumbler,MultiSourceLocationListener,12,7,1.5
Mozilla Stumbler,StumblerBundle,17,11,3.4878434590709024
Mozilla Stumbler,ServiceLocator,3,6,1.2307692307692308
Mozilla Stumbler,SimpleCellScannerImplementation,39,13,0.20374028322375845
Mozilla Stumbler,WifiManagerProxy,9,10,0.0826374713923424
Mozilla Stumbler,KMLFragment,47,27,4.595436969873759
Mozilla Stumbler,MainDrawerActivity,32,27,65.26945771646484
Mozilla Stumbler,ClientDataStorageManager,9,6,0.7198422387384307
Mozilla Stumbler,LegacyMotionSensor,11,7,1.6270260830240262
Mozilla Stumbler,ScanManager,23,23,21.138815398253126
Mozilla Stumbler,SignificantMotionSensor,10,5,2.3099326599326617
Mozilla Stumbler,ClientStumblerService,15,19,2.7891353924539644
Mozilla Stumbler,ClientLog,2,6,0.08
Mozilla Stumbler,AbstractMapOverlay,14,10,4.362853926961657
Mozilla Stumbler,FirstRunFragment,13,5,4.139471470474293
Mozilla Stumbler,UnittestLogger,11,6,0.02666666666666667
Mozilla Stumbler,PreferencesScreen,49,14,37.64006566286115
Mozilla Stumbler,FileBugActivity,8,5,9.422016469335084
Mozilla Stumbler,BatteryCheckReceiver,9,5,0.911418322939376
Mozilla Stumbler,MLSLocationGetter,9,4,2.4518714241783766
Mozilla Stumbler,DevicePixelConverter,4,1,0.002103049421661409
Mozilla Stumbler,MLS,2,3,0.25640585017207773
Mozilla Stumbler,StumblerService,16,30,19.19916391479743
Mozilla Stumbler,ScreenMonitor,15,8,0.1364638024854559
Mozilla Stumbler,MapFragment,49,57,78.17800758287322
Mozilla Stumbler,DataStorageContract,3,1,0.8898699746006564
Mozilla Stumbler,GPSScanner,19,19,26.702991528223365
Mozilla Stumbler,LocationChangeSensor,14,11,6.310846702076984
Mozilla Stumbler,LogActivity,28,17,24.162349499349467
Mozilla Stumbler,NotificationUtil,12,8,14.648980677370394
Mozilla Stumbler,CellInfo,16,12,7.315045257326495
andFHEM,DeviceListAdapter,12,8,0.2805183521906787
andFHEM,SumAdditionalChart,3,2,0.003745318352059925
andFHEM,DateFormatUtil,2,3,0.4261968505596897
andFHEM,DayUtil,10,8,0.01898488957768307
andFHEM,SonosPlayerAdapter,13,11,0.21107674504305343
andFHEM,ReflectionUtil,17,11,1.1872360382788636
andFHEM,HeatingService,9,9,0.7490714504667255
andFHEM,MaxDevice,9,27,11.109571257631043
andFHEM,WOLService,2,4,0.0012048192771084338
andFHEM,DimWidgetView,9,6,0.23507642844740187
andFHEM,StringEscapeUtil,3,2,0.7
andFHEM,DeviceIntentService,7,8,3.5039565401372283
andFHEM,CustomSSLSocketFactory,13,2,0.2222222222222222
andFHEM,PresenceDevice,3,2,0.044378867057992266
andFHEM,HeatingWidgetView,4,2,1.0109742340147105
andFHEM,ViewableChartSeries,2,4,0.03571428571428571
andFHEM,EIBDevice,5,10,6.756518755028152
andFHEM,DeviceNameListFragment,13,8,6.641754031231748
andFHEM,FavoritesIntentService,3,2,0.3183624405458889
andFHEM,FavoritesFragment,11,4,0.5408242483210582
andFHEM,AndFHEMMainActivity,11,4,0.9121714757646812
andFHEM,DummyDevice,9,10,4.3540526281699385
andFHEM,ChartingActivity,35,24,14.12768794703308
andFHEM,DisplayUtil,8,5,1.1469057258530944
andFHEM,WOLDevice,5,3,0.5973597292518651
andFHEM,RFXX10RECDevice,2,2,0.29735717351353547
andFHEM,SmallToggleWidget,1,2,0.24587369084179855
andFHEM,USBWXDevice,1,5,0.5647162156039601
andFHEM,WatchdogDevice,2,2,0.1640462688948885
andFHEM,DimmableDeviceService,1,3,0.0024096385542168677
andFHEM,ToggleableService,2,3,0.1833975040433226
andFHEM,WeatherForecastWidget,4,2,2.45
andFHEM,ArrayListUtil,5,6,0.125
andFHEM,OwthermDevice,2,4,1.2950242374366323
andFHEM,LitreContentView,10,7,0.7900841848210265
andFHEM,AdvertisementUtil,16,7,4.35873745819398
andFHEM,ChartingDateSelectionActivity,44,12,2.1762477718360067
andFHEM,ESA2000Device,3,8,3.0523923011810385
andFHEM,AppWidgetView,8,5,1.1264724228160203
andFHEM,WOLAdapter,7,4,0.6371249325651984
andFHEM,FragmentBaseActivity,34,32,42.484303289621074
andFHEM,ImageUtil,15,7,2.967353719732608
andFHEM,ChartSeriesDescription,10,9,1.4481302785039956
andFHEM,TopLevelFragment,22,19,7.485879504612502
andFHEM,YAxis,13,9,0.42668160603892297
andFHEM,ConversionFragment,14,7,0.0497012007050011
andFHEM,ListViewUtil,7,2,0.055109684323167464
andFHEM,FHEMWebConnection,37,20,5.164985380116955
andFHEM,AppWidgetDataHolder,33,17,4.952916140355929
andFHEM,HueDeviceAdapter,2,3,1.163205958503747
andFHEM,HOLDevice,1,3,0.6761441240603459
andFHEM,TouchImageView,21,8,0.010638297872340425
andFHEM,FromToWeekProfileAdapter,15,6,0.21763556424035174
andFHEM,TwilightDevice,4,3,0.22977194174110113
andFHEM,TabsAdapter,8,5,0.07142857142857142
andFHEM,UpdateHandler,2,3,0.8782411601292386
andFHEM,HCSDevice,1,8,2.3925082266014295
andFHEM,FilledTemperatureInterval,4,5,1.0
andFHEM,FloorplanUtil,13,4,0.007352941176470588
andFHEM,IntervalWeekProfileAdapter,29,6,1.02035213259624
andFHEM,LocaleConditionQueryReceiver,6,4,1.0
andFHEM,StringUtil,3,3,0.6166666666666667
andFHEM,TRXWeatherDevice,1,9,2.525884016815263
andFHEM,IntertechnoDevice,1,2,0.20843719813291706
andFHEM,FHEMUrlActivity,3,2,0.2080971659919028
andFHEM,FloorplanFragment,60,19,9.781390686349011
andFHEM,DeviceSelectionAdapter,3,2,0.06618740534600306
andFHEM,DeviceNameSelectionNavigationFragment,2,2,0.25652472527472525
andFHEM,DeviceListParser,25,17,13.440360365566365
andFHEM,DeviceDetailFragment,9,4,2.398749110614541
andFHEM,GraphService,16,5,1.7388728009168892
andFHEM,ButtonActionRow,7,3,0.0024096385542168677
andFHEM,FHTAdapter,50,14,9.715207725256478
andFHEM,CULHMAdapter,7,9,4.4715089466449065
andFHEM,ChartData,12,13,0.35355939542009657
andFHEM,TimerListAdapter,10,2,0.6924399577980194
andFHEM,NumberUtil,3,3,0.3252603717922071
andFHEM,EnOceanDevice,7,9,7.507669754324721
andFHEM,AndFHEMAppWidgetProvider,7,5,0.9412139952383203
andFHEM,FHTConfiguration,6,7,2.1304347826086962
andFHEM,DummyDataConnection,12,8,3.1527378052907373
andFHEM,GPIO4Device,3,7,2.4235337783851083
andFHEM,FloorplanIntentService,3,2,0.008264462809917356
andFHEM,WeatherAdapter,12,12,1.76350260111676
andFHEM,SendCommandIntentService,8,8,0.1781459210098669
andFHEM,AtService,4,5,0.35696314402884877
andFHEM,DeviceTypeOrderPreference,16,15,0.8089080459770115
andFHEM,TRXLightDevice,5,6,5.486794560429244
andFHEM,ValueDescriptionUtil,4,10,3.275033625118515
andFHEM,HMSDevice,3,5,1.9792429553616566
andFHEM,ToggleableAdapter,3,8,0.07692307692307693
andFHEM,BaseFragment,19,13,8.531623992164153
andFHEM,FloorplanService,5,3,0.09090909090909091
andFHEM,AtDevice,14,17,6.542369035528785
andFHEM,RoomListFragment,17,10,5.597574483585852
andFHEM,SISPMSDevice,3,3,0.3673783955224697
andFHEM,ArrayUtil,4,2,1.363690476190476
andFHEM,FloorplanAdapter,7,2,1.2767491016698371
andFHEM,PlayStoreSecurity,23,8,1.0
andFHEM,RoomListAdapter,11,3,3.3328283764190485
andFHEM,PlayStoreBillingReceiver,6,5,0.08333333333333333
andFHEM,PreferencesActivity,32,19,13.160158919561548
andFHEM,TimerDetailFragment,49,31,7.896650480064462
andFHEM,FavoritesService,8,6,0.5799913836374389
andFHEM,OwtempDevice,2,3,0.5154775769881227
andFHEM,DeviceTypeOrderAdapter,8,7,1.2916666666666665
andFHEM,MaxAdapter,15,10,0.5935073038233767
andFHEM,DeviceTypeHolder,12,10,1.2999999999999998
andFHEM,DeviceChart,3,1,0.06234737484737485
andFHEM,CloseableUtil,5,2,0.16666666666666666
andFHEM,OwcountDevice,4,6,0.18019464353266934
andFHEM,SendCommandFragment,34,9,4.355475402410353
andFHEM,OwDevice,3,8,1.9312265963542812
andFHEM,RoomDeviceList,12,7,3.523596347568306
andFHEM,ToggleWidgetView,5,4,3.889643789429308
andFHEM,FHT8VDevice,1,2,1.2263199065654196
andFHEM,UniRollAdapter,7,3,0.16297802683934542
andFHEM,CULHMConfiguration,7,6,2.3127518794078896
andFHEM,AppWidgetSelectionActivity,10,5,8.145279037328184
andFHEM,TemperatureWidgetView,1,2,0.7962355494853909
andFHEM,PlayStoreProvider,6,15,3.4861441798941804
andFHEM,Device,14,30,0.06666666666666667
andFHEM,PreferenceKeys,1,1,3.2818443163446926
andFHEM,MAXConfiguration,7,10,1.786708886453132
andFHEM,RoomListIntentService,3,2,0.8646361219946666
andFHEM,Base64,6,6,0.08239700374531835
andFHEM,PlayStoreBillingService,38,26,1.1645833333333333
andFHEM,RoomListService,21,16,17.26133104078974
andFHEM,DeviceActionUtil,37,9,2.059243477250603
andFHEM,DialogUtil,21,6,1.1953555326596077
andFHEM,TimePickerWithSeconds,10,13,0.13361357743380217
andFHEM,LicenseManager,12,4,4.07148606734207
andFHEM,CULHMDevice,13,28,40.90375004602448
andFHEM,DeviceService,5,8,0.5614544104501249
andFHEM,Coordinate,3,6,0.16526610644257703
andFHEM,DummyAdapter,8,6,1.8188705815383677
andFHEM,PIDDevice,1,4,1.8615298163159533
andFHEM,FieldNameComparator,4,2,0.4583333333333333
andFHEM,FHTDevice,5,21,10.1335687833948
andFHEM,ValueExtractUtil,3,5,0.7042720483475406
andFHEM,BillingService,10,20,18.008237562413445
andFHEM,FHTService,5,6,0.9589399231188475
andFHEM,DeviceNameSelectionFragment,6,4,3.098702773134978
andFHEM,ConvenientIntentService,13,10,1.5919713233770236
andFHEM,DeviceGridAdapter,14,10,3.5146939603583065
andFHEM,AndFHEMApplication,8,4,6.071977154483576
andFHEM,CULTXDevice,1,4,2.034834108760898
andFHEM,GridViewWithSections,11,7,1.3552610315381215
andFHEM,ValueUtil,2,2,0.5
andFHEM,EnumUtils,5,3,0.03333333333333333
andFHEM,AdditionalChart,4,2,0.1301730732453624
andFHEM,DataConnectionSwitch,6,3,0.6738703039106781
andFHEM,GraphEntry,5,5,0.2612359550561798
andFHEM,Actions,3,2,4.3343549534716335
andFHEM,DeviceNameListNavigationFragment,3,2,0.9193321531740998
andFHEM,BundleExtraKeys,1,1,2.248874719464333
andFHEM,PlayStoreResponseHandler,5,7,0.5
andFHEM,EMWZDevice,1,6,0.49453349332223107
andFHEM,DeviceNameSelectionActivity,14,6,0.3715339089150123
andFHEM,SharedPreferencesUtil,3,3,0.018867924528301886
andFHEM,CommandExecutionService,7,7,3.0733235519514093
andFHEM,CustomViewTableRow,4,2,0.003745318352059925
andFHEM,DeviceNameListAdapter,7,3,1.77093976923542
andFHEM,CULWSDevice,1,4,4.896403575996454
andFHEM,TelnetConnection,41,23,9.97112071283687
andFHEM,HUEDevice,5,21,4.38632987951885
andFHEM,PremiumFragment,8,9,1.960757379543884
andFHEM,RegressionAdditionalChart,4,2,0.0149812734082397
andFHEM,YamahaAVRDevice,4,7,0.0765187204762309
andFHEM,KS300Device,4,8,3.5056780209953957
andFHEM,FileLogDevice,7,7,3.1685104018592503
andFHEM,AbstractService,4,2,0.3251609613055396
andFHEM,DeviceListFragment,21,9,4.773503226820593
andFHEM,TimePickerWithSecondsDialog,6,2,0.00749063670411985
andFHEM,NumberSystemUtil,4,7,1.1608997276132107
andFHEM,PurchaseDatabase,17,11,1.6947256995581736
andFHEM,WeatherDevice,21,13,5.773372044311321
andFHEM,PlayStorePurchaseObserver,17,7,0.0625
andFHEM,TimerListFragment,32,12,1.7724239072410402
andFHEM,FS20Device,12,11,4.985187452280459
andFHEM,OregonDevice,1,11,0.8595106597989383
andFHEM,CULEMDevice,4,8,2.849929881161116
andFHEM,ApplicationProperties,12,13,2.915734062201988
andFHEM,GenericDeviceService,8,4,2.8436869442924584
andFHEM,WidgetConfiguration,2,1,0.5784971317990186
andFHEM,FBDectDevice,3,6,1.829849628520823
andFHEM,CULFHTTKDevice,3,3,4.206241428482128
andFHEM,YamahaAVRAdapter,5,5,0.22928630531497074
andFHEM,StructureDevice,1,3,2.496886818540307
andFHEM,PidAdapter,1,3,0.0394466755912539
andFHEM,SonosPlayerDevice,2,6,0.03892977685280449
andFHEM,RoomDetailFragment,2,2,0.8637483571555875
andFHEM,NestedListView,10,6,0.016129032258064516
OsmAnd~,AlarmInfo,4,9,3.6942813754647568
OsmAnd~,SherpafyStageInfoFragment,13,6,1.1858407506963824
OsmAnd~,DashNavigationFragment,19,8,0.02888301951094828
OsmAnd~,POIMapLayer,68,31,2.403536645755484
OsmAnd~,GpxSelectionHelper,23,29,3.4929772926152864
OsmAnd~,MapExplorer,13,13,0.510207669664446
OsmAnd~,GPXUtilities,65,46,4.158641762314438
OsmAnd~,PointDescription,15,18,0.4608238102606042
OsmAnd~,OsmAndAppCustomization,4,7,3.3268442933073628
OsmAnd~,SherpafyStageItineraryFragment,10,8,2.4712932669765566
OsmAnd~,TextInfoWidget,11,13,0.33267487884193575
OsmAnd~,EntityParser,11,13,3.7679932516525705
OsmAnd~,DownloadEntry,2,1,0.4285005899515797
OsmAnd~,TourInformation,30,19,2.0041622064668907
OsmAnd~,BusyIndicator,11,3,1.0303030303030303
OsmAnd~,BaseDownloadActivity,32,21,3.176835617533386
OsmAnd~,SettingsBaseActivity,52,34,3.176490946048989
OsmAnd~,GpxUiHelper,72,21,3.071619627237393
OsmAnd~,MapControlsLayer,88,50,6.3617535220760715
OsmAnd~,FavouritesDbHelper,29,40,9.563292665128214
OsmAnd~,OsmandRenderer,50,33,12.4262795951505
OsmAnd~,OsmEditsLayer,10,14,0.47655642104040674
OsmAnd~,SelectedGPXFragment,59,29,3.6870816259115156
OsmAnd~,SettingsGeneralActivity,65,27,13.576402632057125
OsmAnd~,IndexConstants,1,1,0.42170927867001884
OsmAnd~,Entity,14,17,0.929233308302782
OsmAnd~,MapActivityActions,98,37,47.02370373359068
OsmAnd~,DatabaseHelper,6,9,0.010810810810810811
OsmAnd~,BinaryMapIndexFilter,25,11,0.011373736300702892
OsmAnd~,SearchHistoryFragment,38,23,2.251463874887265
OsmAnd~,SherpafyFavoriteFragment,9,6,0.8450797788672304
OsmAnd~,TextRenderer,26,15,0.40966014018815367
OsmAnd~,DashWaypointsFragment,37,11,0.024793388429752067
OsmAnd~,OsMoPositionLayer,29,17,0.9786650686329403
OsmAnd~,RenderingRuleStorageProperties,5,6,2.0138733187382316
OsmAnd~,GeoPointParserUtil,34,20,22.95339785456417
OsmAnd~,FavoritesListFragment,17,14,5.452254022814721
OsmAnd~,AccessibleToast,3,3,0.016194331983805668
OsmAnd~,UploadGPXFilesTask,7,5,0.4071306332732464
OsmAnd~,CurrentPositionHelper,7,8,1.7763816824486278
OsmAnd~,SRTMPlugin,6,9,0.8417013141079368
OsmAnd~,AsyncLoadingThread,20,15,2.4880388387761956
OsmAnd~,EditingPOIDialogProvider,145,37,8.142538467932525
OsmAnd~,DashPluginsFragment,27,13,1.12016076846663
OsmAnd~,MapAccessibilityActions,3,3,0.016194331983805668
OsmAnd~,DashboardOnMap,77,45,6.2045825337358025
OsmAnd~,SettingsDevelopmentActivity,29,7,4.774518296264532
OsmAnd~,PluginActivity,22,8,0.3518276314733467
OsmAnd~,GpxImportHelper,62,25,5.810112635196812
OsmAnd~,SavingTrackHelper,27,21,1.1250401603227373
OsmAnd~,OsMoTracker,14,15,1.8231947797408143
OsmAnd~,DayNightHelper,12,7,0.2987861811391223
OsmAnd~,MapVectorLayer,7,7,6.2762541121311495
OsmAnd~,MapPoiTypes,27,22,1.6198030409715969
OsmAnd~,OsMoThread,34,18,1.660974179803318
OsmAnd~,Node,2,2,0.02898394349099978
OsmAnd~,TurnType,5,7,4.846264301987747
OsmAnd~,AppModeDialog,16,7,6.523260457637766
OsmAnd~,NavigatePointFragment,49,15,4.032502662301997
OsmAnd~,DashErrorFragment,24,3,0.3818525700596106
OsmAnd~,TspAnt,13,14,0.043478260869565216
OsmAnd~,DashUpdatesFragment,27,10,9.917957223972687
OsmAnd~,RouteProvider,55,40,11.342650458424373
OsmAnd~,PlatformUtil,8,15,0.006350096437660601
OsmAnd~,OsmEditingPlugin,27,26,2.719956844948405
OsmAnd~,WaypointHelper,23,43,13.91544885038649
OsmAnd~,RegionAddressRepositoryBinary,17,19,1.4563420488946486
OsmAnd~,RouteCalculationResult,11,30,7.896924892384015
OsmAnd~,OsmBugsLocalUtil,2,5,0.28805713815350564
OsmAnd~,MapTileAdapter,1,1,0.07407407407407407
OsmAnd~,CachedOsmandIndexes,11,7,1.0295659799318704
OsmAnd~,MultiTouchSupport,11,4,0.15357613178685142
OsmAnd~,AccessibleContent,8,3,0.06838822628296312
OsmAnd~,OsmandActionBarActivity,5,3,0.11188811188811189
OsmAnd~,RouteResultPreparation,21,41,24.63954884433602
OsmAnd~,SherpafySelectToursFragment,30,10,1.8860152455320813
OsmAnd~,ActionBarProgressActivity,5,6,0.5147186147186147
OsmAnd~,OpeningHoursParser,22,15,16.801733679341716
OsmAnd~,OsmandListActivity,10,12,0.0793097970056855
OsmAnd~,DownloadFileHelper,27,15,1.643740044969691
OsmAnd~,RouteDataObject,10,21,6.425981062913735
OsmAnd~,SettingsAudioVideoActivity,13,4,2.1504596863405876
OsmAnd~,CustomPager,1,2,0.0479196556671449
OsmAnd~,OsmAndMapLayersView,2,6,0.5081802443012409
OsmAnd~,BinaryInspector,62,31,8.682822920141707
OsmAnd~,OpenstreetmapPoint,5,8,0.15450145114303554
OsmAnd~,SkiMapsPlugin,1,5,1.4858812529219259
OsmAnd~,GeoIntentActivity,47,20,26.611388306187063
OsmAnd~,TipsAndTricksActivity,23,8,2.5689635786280958
OsmAnd~,AnimateDraggingMapThread,21,20,1.293132070773538
OsmAnd~,SearchAddressActivity,4,3,0.4981628053046583
OsmAnd~,OsmBugsDbHelper,9,7,0.7206862297942055
OsmAnd~,PoiFiltersHelper,20,28,1.5249476680923615
OsmAnd~,StageFavoritesLayer,6,4,0.6993894369853845
OsmAnd~,OsMoPlugin,35,27,4.72375671983335
OsmAnd~,FavoritesListActivity,4,3,0.09090909090909091
OsmAnd~,AbstractPrologCommandPlayer,16,10,0.8522554598959093
OsmAnd~,GeoidAltitudeCorrection,7,3,0.043478260869565216
OsmAnd~,FavoriteImageDrawable,13,8,0.17899249042368376
OsmAnd~,TileSourceProxyProvider,5,6,2.720619773152507
OsmAnd~,BinaryMapTransportReaderAdapter,12,12,0.06903336679769433
OsmAnd~,RouteCalculationParams,1,1,0.009292623254305703
OsmAnd~,QuadRect,1,2,0.007511737089201879
OsmAnd~,ShareLocation,13,14,0.45213293650793646
OsmAnd~,HelpActivity,23,12,4.784487459055525
OsmAnd~,LocalIndexesFragment,133,66,19.241697466549198
OsmAnd~,DashAudioVideoNotesFragment,15,7,3.1827509797869946
OsmAnd~,OptionsMenuHelper,5,5,0.06896551724137931
OsmAnd~,DownloadActivityType,13,18,4.201022939071931
OsmAnd~,PointNavigationLayer,15,12,1.8574764719666739
OsmAnd~,AccessibleAlertBuilder,2,2,0.06838822628296312
OsmAnd~,UpdatesIndexFragment,47,28,11.672653872618996
OsmAnd~,SeekBarPreference,12,7,2.123016286570799
OsmAnd~,CommandPlayerFactory,3,2,0.10410456317358403
OsmAnd~,OsmandBaseExpandableListAdapter,3,2,0.21001400560224087
OsmAnd~,ConfigureMapMenu,90,21,7.350293054138873
OsmAnd~,DashOsMoFragment,41,26,2.595912748974449
OsmAnd~,NativeCoreContext,8,3,0.46424642464246435
OsmAnd~,DownloadIndexAdapter,29,15,7.677183845127924
OsmAnd~,ParkingPositionPlugin,49,36,1.7071914870037554
OsmAnd~,MapTextLayer,19,8,0.11060259344012202
OsmAnd~,PrintDialogActivity,10,8,0.04096406907752682
OsmAnd~,OsmandRasterMapsPlugin,58,23,1.4409907018149246
OsmAnd~,PrecalculatedRouteDirection,8,7,0.025585701164841892
OsmAnd~,PoiType,2,6,0.47519322823999277
OsmAnd~,SearchByNameFilter,3,4,0.0834915412254486
OsmAnd~,DownloadIndexFragment,34,22,3.6764267599515916
OsmAnd~,OsmAndLocationSimulation,29,12,1.6626482866279326
OsmAnd~,NotesFragment,81,38,2.9893457033491626
OsmAnd~,OsmandRegions,36,24,2.1234079711560447
OsmAnd~,PluginsActivity,26,12,3.4750221764559903
OsmAnd~,FavoritesLayer,19,22,2.126676366812971
OsmAnd~,OsmandApplication,83,42,15.800188624761255
OsmAnd~,AudioVideoNotesPlugin,120,79,18.034832150763194
OsmAnd~,AndroidUtils,14,8,0.15167811146962304
OsmAnd~,OpenstreetmapLocalUtil,3,5,0.5412659251203628
OsmAnd~,OsmandOdb,467,720,5.1969372477221585
OsmAnd~,PointLocationLayer,9,7,0.8255933106141422
OsmAnd~,OsmandSettings,58,106,21.629193278169506
OsmAnd~,ParkingPositionLayer,14,13,0.37706989610197206
OsmAnd~,Amenity,16,16,4.934382814373573
OsmAnd~,CoreResourcesFromAndroidAssetsCustom,32,5,0.0479196556671449
OsmAnd~,MapInfoWidgetsFactory,32,9,6.3374189364895965
OsmAnd~,BinaryMapPoiReaderAdapter,25,21,0.3969508864130195
OsmAnd~,Version,6,18,2.295434029712481
OsmAnd~,SearchPOIActivity,112,46,20.103835250691123
OsmAnd~,MapRoutePreferencesControl,75,36,7.2940088890584
OsmAnd~,OsMoGroups,20,28,3.76833656629396
OsmAnd~,Base64,2,2,0.043478260869565216
OsmAnd~,BinaryMapDataObject,2,5,0.15684212816254903
OsmAnd~,MapAlgorithms,2,4,1.5790167263080253
OsmAnd~,RoutePointsPlugin,42,38,10.000117279621
OsmAnd~,AvoidSpecificRoads,23,15,0.8433804716987461
OsmAnd~,TransportRoute,3,3,0.1853914031886451
OsmAnd~,SherpafyCustomization,58,44,16.76606966595469
OsmAnd~,SettingsMonitoringActivity,18,20,1.3679880112548939
OsmAnd~,SQLiteAPIImpl,8,27,0.0366123238463664
OsmAnd~,TextViewEx,6,7,0.1621106166560712
OsmAnd~,DownloadTracker,18,5,0.7097887733432859
OsmAnd~,IndexItemCategory,12,4,0.001195457262402869
OsmAnd~,FavoritesTreeFragment,131,53,4.730762099382592
OsmAnd~,OsmMapUtils,12,17,0.1651241551487707
OsmAnd~,DirectionDrawable,13,10,0.6562078214905116
OsmAnd~,DashOsmEditsFragment,24,13,1.0688307105147044
OsmAnd~,RoutingHelper,38,45,22.576973687855887
OsmAnd~,SettingsActivity,17,6,24.143311794113792
OsmAnd~,SQLiteTileSource,15,22,8.989785192361479
OsmAnd~,DashRecentsFragment,18,5,0.7639451973629368
OsmAnd~,LocalIndexInfo,3,2,0.4
OsmAnd~,Kml2Gpx,10,3,0.2555555555555556
OsmAnd~,RouteSegmentResult,7,17,0.7893772628977697
OsmAnd~,TurnPathHelper,13,7,0.7211302220467395
OsmAnd~,OsmandExpandableListActivity,11,12,0.3176733460655895
OsmAnd~,OsmandMonitoringPlugin,52,23,2.4471322102676423
OsmAnd~,SearchStreetByNameActivity,24,18,1.3970798394700676
OsmAnd~,RoutingConfiguration,26,18,3.8379884344512756
OsmAnd~,SettingsNavigationActivity,34,16,9.571611953717348
OsmAnd~,SearchStreet2ByNameActivity,4,10,0.08355693246374224
OsmAnd~,RendererRegistry,22,14,7.548567663521606
OsmAnd~,RoutePointsActivity,30,21,9.76825731380029
OsmAnd~,PoiCategory,4,4,0.07155268365992867
OsmAnd~,MapInfoLayer,18,13,7.2172038980212925
OsmAnd~,TrackPointFragment,5,3,0.17391304347826086
OsmAnd~,MapUtils,9,29,2.940124895151764
OsmAnd~,MapRendererContext,19,17,4.905775801200165
OsmAnd~,DashParkingFragment,17,8,0.4461149585960402
OsmAnd~,MapRouteInfoControl,53,35,1.7515606087871467
OsmAnd~,ContextMenuAdapter,32,24,2.6728792700365456
OsmAnd~,OsmAndMapSurfaceView,4,10,0.794421030542027
OsmAnd~,OsMoGroupsStorage,29,21,0.23371489708484083
OsmAnd~,FileNameTranslationHelper,10,8,6.987304740466409
OsmAnd~,FavoritesActivity,19,9,1.813730289186586
OsmAnd~,NativeOsmandLibrary,6,6,8.508650517513503
OsmAnd~,ContributionVersionActivity,41,15,2.586663090097793
OsmAnd~,ColorDialogs,16,6,0.019653697778043603
OsmAnd~,AbstractPoiType,5,6,0.06220688926740531
OsmAnd~,DashBaseFragment,5,7,1.1879640604349107
OsmAnd~,RouteDirectionInfo,2,2,0.5751085007406637
OsmAnd~,OsmAndLocationProvider,57,52,5.064873135978345
OsmAnd~,TouringViewPlugin,1,5,1.4858812529219259
OsmAnd~,LiveMonitoringHelper,26,6,8.620747016433283
OsmAnd~,HillshadeLayer,26,13,4.682469895701811
OsmAnd~,SearchPoiFilterFragment,36,23,0.420378054498026
OsmAnd~,TrackSegmentFragment,5,3,0.26086956521739124
OsmAnd~,Relation,9,9,0.0011179429849077697
OsmAnd~,OsmandPlugin,10,29,2.5216237665994115
OsmAnd~,RouteCalculationProgress,1,1,0.008097165991902834
OsmAnd~,SherpafyFavoritesListFragment,17,9,0.699841683629135
OsmAnd~,WaypointDialogHelper,57,24,13.370155287183968
OsmAnd~,SearchHistoryHelper,30,25,0.0331538777691588
OsmAnd~,TargetPointsHelper,8,28,2.493920869263952
OsmAnd~,IntermediatePointsDialog,54,14,5.367619867028728
OsmAnd~,SearchActivity,41,22,3.025750520720665
OsmAnd~,ExplorableTextView,8,6,0.24926140715614395
OsmAnd~,OsmandDevelopmentPlugin,2,6,0.6716748404060703
OsmAnd~,Way,6,14,0.20192695066962885
OsmAnd~,OsmAndListFragment,4,3,0.021621621621621623
OsmAnd~,GPXLayer,24,25,2.7023677676442643
OsmAnd~,MapRenderRepositories,46,26,5.965677724912696
OsmAnd~,OpeningHoursView,36,8,0.01841238415389075
OsmAnd~,TabActivity,8,7,0.0726171262903049
OsmAnd~,MediaCommandPlayerImpl,13,11,0.5860607634942158
OsmAnd~,BinaryMapIndexReader,77,89,2.883134604209099
OsmAnd~,DistanceCalculatorPlugin,67,36,0.9128925544385624
OsmAnd~,PoiFilter,6,5,1.7399607220897106
OsmAnd~,NativeLibrary,30,17,4.50017864510972
OsmAnd~,DownloadActivity,66,22,12.426952709324038
OsmAnd~,MapViewTrackingUtilities,14,19,6.48021906100927
OsmAnd~,RenderingRulesStorage,43,34,5.983896212047847
OsmAnd~,RenderingRulesTransformer,24,8,0.41606886657101866
OsmAnd~,OpenstreetmapRemoteUtil,40,12,3.2264074568845906
OsmAnd~,OsmandIndex,79,190,0.6450510143713998
OsmAnd~,MapWidgetRegistry,29,26,2.196932421579225
OsmAnd~,OnNavigationServiceAlarmReceiver,10,3,0.3165052769013165
OsmAnd~,CollatorStringMatcher,7,10,0.07426253830280231
OsmAnd~,MapActivity,54,52,51.4127392538409
OsmAnd~,AvailableGPXFragment,163,72,23.744638672840637
OsmAnd~,OSMSettings,4,5,4.022062475464524
OsmAnd~,GeneralRouter,55,62,1.0327002333542623
OsmAnd~,SunriseSunset,5,3,3.149617049617048
OsmAnd~,City,8,14,1.0269076469258043
OsmAnd~,MediaRemoteControlReceiver,1,1,0.46560567993739604
OsmAnd~,OsmBugsLayer,66,44,5.787767192703936
OsmAnd~,SettingsRasterMapsActivity,18,13,0.08732703585466003
OsmAnd~,TourViewActivity,32,29,18.5635444090729
OsmAnd~,YandexTrafficAdapter,13,8,1.5226930319644758
OsmAnd~,RotatedTileBox,6,44,0.16281194168917254
OsmAnd~,EditPOIFilterActivity,47,17,2.8985696970470287
OsmAnd~,AudioNotesLayer,18,16,3.139992081037131
OsmAnd~,BinaryMapAddressReaderAdapter,8,13,3.71177994272592
OsmAnd~,SearchAddressOnlineFragment,53,16,2.120708956483999
OsmAnd~,DownloadedRegionsLayer,24,12,0.36846062682127667
OsmAnd~,RoutePointsLayer,1,3,0.6134054706355591
OsmAnd~,NavigationInfo,22,15,0.8947198652862861
OsmAnd~,OsmandMapTileView,59,60,11.017104345777756
OsmAnd~,FavoriteDialogs,45,9,1.6276363955741429
OsmAnd~,DownloadOsmandIndexesHelper,25,7,3.134531928615296
OsmAnd~,RenderingIcons,17,9,0.9323556079065393
OsmAnd~,CommandBuilder,12,37,2.5923272839043596
OsmAnd~,DashSearchFragment,16,5,2.1465341705636103
OsmAnd~,SettingsOsmEditingActivity,9,5,0.09216078188930193
OsmAnd~,DashChooseAppDirFragment,70,20,0.07429496464173128
OsmAnd~,StartGPSStatus,32,12,6.319355200239091
OsmAnd~,SearchCityByNameActivity,24,18,0.4588734377693173
OsmAnd~,RoutingContext,32,34,0.532840684893246
OsmAnd~,BinaryInspectorNative,4,4,0.043478260869565216
OsmAnd~,SettingsOsMoActivity,25,9,1.4058860915118936
OsmAnd~,DirectionsDialogs,30,8,0.38715255332902393
OsmAnd~,ContextMenuLayer,32,21,4.389689949948796
OsmAnd~,NavigationService,25,12,4.671139383895129
OsmAnd~,TourDownloadType,2,8,0.22461313674702796
OsmAnd~,OsmandExpandableListFragment,18,14,0.2933864307682556
OsmAnd~,Building,3,10,0.12673994324068652
OsmAnd~,SearchAddressFragment,52,23,3.314001104960485
OsmAnd~,VoiceRouter,20,43,23.758210817575723
OsmAnd~,RenderingRuleProperty,11,21,1.495786824644676
OsmAnd~,UploadOpenstreetmapPointAsyncTask,5,6,0.8541778358181017
OsmAnd~,BinaryMapRouteReaderAdapter,31,27,0.4075842799512485
OsmAnd~,Algorithms,16,27,3.02108428515438
OsmAnd~,TTSCommandPlayerImpl,32,18,6.557045842714622
OsmAnd~,ShadowText,4,3,0.03944501777319115
OsmAnd~,DownloadTilesDialog,34,10,0.352866836458365
OsmAnd~,ResourceManager,42,50,9.413067645821448
OsmAnd~,NetworkUtils,22,6,0.3388831136640134
OsmAnd~,DashFavoritesFragment,20,6,7.385160601327215
OsmAnd~,OpenstreetmapsDbHelper,14,8,0.7025753296810557
OsmAnd~,SherpafyLoadingFragment,6,5,0.08157878937148891
OsmAnd~,MapTileLayer,12,11,1.4133217792109254
OsmAnd~,RegionCountry,5,11,0.010582010582010581
OsmAnd~,ApplicationMode,17,22,1.2070285388119142
OsmAnd~,ShareDialog,27,13,0.7717161670291091
OsmAnd~,ShowRouteInfoActivity,30,13,4.348825545719509
OsmAnd~,RouteInfoWidgetsFactory,60,24,8.982371250472852
OsmAnd~,DashFirstTimeFragment,19,5,0.20826446280991737
OsmAnd~,OsmAndFormatter,14,10,3.4742035316490565
OsmAnd~,NauticalMapsPlugin,9,6,1.5957971338312515
OsmAnd~,TestRouting,32,14,2.303434993121685
OsmAnd~,ActionBarPreferenceActivity,14,7,0.5965593784683685
OsmAnd~,SherpafyHtmlFragment,8,4,0.005856515373352855
OsmAnd~,TransportStopsLayer,18,15,0.7438909096531789
OsmAnd~,DashLocationFragment,12,7,0.9716539075951545
OsmAnd~,RouteLayer,22,13,0.8289388992944762
OsmAnd~,IndexItem,10,11,1.898662571524549
OsmAnd~,OsMoGroupsActivity,193,87,8.832923181523936
OsmAnd~,AppInitializer,60,31,0.6815813870031997
OsmAnd~,TileSourceManager,38,23,3.986203533746544
OsmAnd~,OsMoControlDevice,11,4,0.28331203727179133
OsmAnd~,RenderingRuleSearchRequest,6,21,1.3195609855458543
OsmAnd~,BinaryRoutePlannerOld,18,14,0.34889506119386493
OsmAnd~,SearchBuildingByNameActivity,10,14,0.5239607792690869
OsmAnd~,OsmandMapLayer,8,8,0.10200496506252865
OsmAnd~,LocalIndexHelper,14,15,3.994806264782692
OsmAnd~,DashSimulateFragment,9,4,0.46603050183181394
OsmAnd~,SherpafyTourFragment,26,14,0.8267790616921523
OsmAnd~,OsmEditsFragment,96,46,2.756120767853623
OsmAnd~,MapActivityLayers,34,15,9.520390471783363
OsmAnd~,TransportIndexRepositoryBinary,19,11,0.16272529082211934
OsmAnd~,OsmBugsRemoteUtil,11,6,1.9210036273643742
OsmAnd~,IndexFileList,11,7,0.08717444717444717
OsmAnd~,RenderingContext,2,5,0.10116324412319291
OsmAnd~,SettingsAccessibilityActivity,15,5,1.4196361197006298
OsmAnd~,BinaryRoutePlanner,28,33,6.4905108997472585
OsmAnd~,SearchRegionByNameActivity,6,9,0.09806298682801662
OsmAnd~,OsMoService,37,32,5.613102845371502
OsmAnd~,TrackActivity,19,15,0.5178387493013605
OsmAnd~,PagerSlidingTabStrip,56,49,0.7775286067506181
OsmAnd~,IconsCache,4,6,0.2543040293040293
OsmAnd~,TransportInfoLayer,9,5,0.19549075000065866
OsmAnd~,SherpafyStageFragment,36,14,2.1594788965490133
OsmAnd~,FavouritePoint,3,3,0.8428090859648838
OsmAnd~,RoutePlannerFrontEnd,18,17,1.748409898889575
OsmAnd~,OsmBaseStorage,24,12,0.45308099641749305
OsmAnd~,TestVoiceActivity,24,13,8.129484974383724
OsmAnd~,MapObject,17,84,2.231390062213219
OsmAnd~,OsmPoint,6,6,0.4198623140128804
OsmAnd~,RenderingRule,11,13,2.901775526810784
OsmAnd~,MapTileDownloader,32,16,8.402461508357678
OsmAnd~,FailSafeFuntions,32,14,0.1559001499577937
OsmAnd~,NextTurnInfoWidget,11,10,3.150209589447612
OsmAnd~,DashTrackFragment,32,12,4.091932290853799
OsmAnd~,AccessibleLayout,8,3,0.008097165991902834
OsmAnd~,AudioFocusHelperImpl,6,5,0.002390914524805738
OsmAnd~,DownloadIndexesThread,63,35,11.99374739108542
OsmAnd~,AmenityIndexRepositoryBinary,9,8,0.5225571577060135
OsmAnd~,Street,9,10,0.005634359242858724
OsmAnd~,MapRenderingTypes,33,37,8.384365714042282
AdAway,ImportExportHelper,33,7,0.6386554621848739
AdAway,ProviderHelper,13,31,0.823529411764706
AdAway,DailyListener,9,4,1.9999999999999998
AdAway,ScanAdwareListFragment,13,6,1.25
AdAway,TcpdumpUtils,8,5,0.2857142857142857
AdAway,Constants,3,2,0.4444444444444444
AdAway,HostsParser,9,6,1.6806722689075628
AdAway,ApplyUtils,16,8,0.2222222222222222
AdAway,RevertService,5,4,1.0
AdAway,ResultHelper,32,8,0.4444444444444444
AdAway,AdAwayDatabase,5,5,10.0
AdAway,ScanAdwareLoader,18,7,0.75
AdAway,ApplyService,25,8,0.7301587301587302
AdAway,PreferenceHelper,5,16,0.2857142857142857
AdAway,TcpdumpActivity,5,7,2.0
